amirah_nazri,amirah_nazri@hotmail.com
annitsex1_,annitse@hotmail.com
apple_29_2g,apple_29_2g@hotmail.com
asshole8x1_,asshole88@hotmail.com
asshole8x1_,asshole88@hotmail.com
chingyih88888888,chingyih88888888@hotmail.com
choco_ela,choco_ela@hotmail.com
chocobaberocks,chocobaberocks@hotmail.com
crazy_me_366,crazy_me_366@hotmail.com
daryl_lim_jz5,daryl_lim_jz@hotmail.com
essalfarah5,essalfarah@yahoo.com
evan_friendz,evan_friendz@hotmail.com
pokey_jelly_r,pokey_jelly@yahoo.com.sg
poohpool_r,poohpool@signet.com
poonzheng5798_r,poonzheng5798@yahoo.com
remix_143_r,remix_143@hotmail.com
remuskan_r,remuskan@hotmail.com
renie_1_r,renie_1@hotmail.com
rinharikoma_r,rinharikoma@hotmail.com

sabbyttw_r,sabbyttw@hotmail.com
salesmju_r,sales@websourceeurope.com
sechndsalih_r,sechilandsalih@hotmail.com
sechndsalih_r,sechilandsalih@hotmail.com
siaohanndyfox_r,siaohan_wendyfox@hotmail.com
smilez1984_r,smilez1984@hotmail.com
stareyar_night_r,starey_char_night@hotmail.com
summergirl_lia_r,summergirl_lia@hotmail.com
sweetichickz_r,sweetichickz@hotmail.com
tammychloe_95_r,tammychloe_95@hotmail.com
tan_wan_xuan_r,tan_wan_xuan@hotmail.com
tan_yan_ting_r,tan_yan_ting@hotmail.com
tanyonghuat_r,tanyonghuat@msn.com
tenore_r,tenore@webmail.co.za
thierry_henry_r,thierry_henry@hotmail.com
tsering_dt17_r,tsering_dt17@hotmail.com
unfortae_euu_95_r,unforgettable_euu_95@hotmail.com
uniquke109_r,unique109@hotmail.com
uniquke13_r,unique13@hotmail.com
uniqkue15_r,unique15@hotmail.com
unikque16_r,unique16@hotmail.com
ItaruEndo_r3_,endoit807@med.yokohama_cu.ac.jp
RamadhanaEffendi_r3_,ramadhanae807@yahoo.co.id
EddyErbandi_r3_,ebeltsa807@yahoo.com
TarekElMadhoun_r3_,tarekm38807@gmail.com
GervasioMEchegoy_r3_,gervasio807@3net.com.ar
ToshioFuj7iwara_r3_,f_toshio807@dokkyomed.ac.jp
Charles78_abian_r3_,charlfab807@yahoo.com.ph
ShakeelAhmFaiz_r3_,shakeel807@ksu.edu.sa
George78_Fayad_r3_,fayadent807@hotmail.com
Sandra4Ferreira_r3_,sanruka807@hotmail.com
JezabelAlamiores_r3_,eza2409807@gmail.com
CarlosFerraRusso_r3_,carfer90807@hotmail.com
MiguelFerreira_r3_,miguel.ferbo807@hotmail.com
RosaMaaFeraAcsta_r3_,draferreiraacosta807@hotmail.com
Dr78_ZanrFu_r3_,fu_zan807@qq.com
Dazhao90_Fang_r3_,545284192807@qq.com
LanfrancoMGazzola_r3_,dr_gazzola807@bluewin.ch
SantiagoGonzMoreno_r3_,sgonzalez807@mdanderson.es
AmarjitSGrover_r3_,asgrover_2000807@yahoo.co.uk
Revaz90_Gagua_r3_,rezo_ncc807@hotmail.com
HarnarainGupta_r3_,sgnursing807@yahoo.com.in
San90_SanGan4_r3_,ganss807@starhub.net.sg
SantiagGarciaDeo_r3_,santigar807@rieder.net.py
JeromeJosephGrace3_r3_,jeromegrogedamd807@yahoo.com
Premraj90_Gyawali_r3_,prem_gyawali807@hotmail.com
SteffenSwenGeus_r3_,steffengeuss807@gmx.de
LuisAlcisGarciaBarri_r3_,agarecia807@cinternacwnal.com.pe
GiaG90_okieli_r3_,giatomadze807@gmail.com
AbrahamGonzales_r3_,abedlg807@yahoo.com
SGunase90_karan_r3_,laparoscopy807@dataone.in
JoseEmnuelFGzales_r3_,yaygee807@pacific.net.ph
ButchtoGarciaIII_r3_,butchgarciaiii807@yahoo.com
JocelynGonzales_r3_,resty_joy807@yahoo.com
KiyotoshiGotoh_r3_,kgotoh807@muc.biglobe.ne.jp
GwendolynGavieta_r3_,gggavieta_65807@yahoo.com
DiisioGrncePerez_r3_,dgrance807@clip.com.py
DimpleDarllGealin_r3_,darllgar807@yahoo.com
AlejaroAGinezVrejo_r3_,alegime807@gmail.com
ShigoPabGotoYamao_r3_,pgoto807@hotmail.com
MaIsabelGallardo_r3_,malamig95!yahoo.com.ph
FernandoGallardo_r3_,dengcgallardo807@yahoo.com
Mukul34Garg_r3_,mkl_grg807@rediffmail.com
Muhamma90_dHGhous_r3_,haroonghous807@hotmail.com
Chun90_weiGu_r3_,gcw18807@tom.com
JorgeAlfredoGGarcia_r3_,dr_jorgegarciatay807@yahoo.com
KleanthisGiannoulis_r3_,klgiann807@gmail.com
ShuCh61_engGu_r3_,sq_gs807@zb.com
Chanjuan61_Gong_r3_,lucifer_98807@126.com
Chen61_Guo_r3_,coocongg807@gmail.com
Runlu88_Geng_r3_,4629049807@qq.com
Wei88_Guan_r3_,guanweii807@hotmail.com
VikasGupta8_r3_,sakiv69807@msn.com
Ali88_Ghellai_r3_,aghellai807@gmail.com
JJohn88_Grifson_r3_,johngrifsondr807@gmail.com
RosanaGarvida_r3_,suegarvida807@yahoo.com.ph
Biao88_Gao2_r3_,26013380807@cell.com
RP88_Gupta6_r3_,rpgupta777807@yahoo.com
ProfMaltiGupta_r3_,briyankasharina807@id.eth.net.in
AnilKumarGupta_r3_,pmrcht807@hotmail.com
JaiN88_Gurtu_r3_,jngurtu807@hotmail.com
Carmo88_Gracias_r3_,cg127807@hotmail.com
Bimal88_KGoswami_r3_,goswami_bimalkanti807@yahoo.com
AvtandilGiradze_r3_,agirdaladze807@yahoo.com
RameshKumaGupta_r3_,sukhadah807@yahoo.com
KodaganurSGopinath_r3_,drgopinath807@hotmail.com
OsvadoGonzaleilar_r3_,oaguilar807@intramed.net.ar
ParvezDaraHakim_r3_,phakim807@mtnl.net.in
TsannLongHwang_r3_,hwangtl807@adm.cgmh.org.tw
YikH88_ongHo_r3_,yik_hong.ho807@bigpond.com
EliasHurtadoHoyo_r3_,akaplan807@ama_med.com
TetsuyaHirano_r3_,thirano807@athana.ooc.ne.jp
FrancescaHyaciely_r3_,frantza01807@yahoo.fr
HitoshiHirose_r3_,genex807@nifty.com
KrishacharHarish_r3_,drkhari807@yahoo.com
YoshiakiHorie_r3_,yoshrie807@kg7.so_net.ne.jp
HJHoekstra_r3_,h.j.hoesktra807@chir.umcg.nl
HideyaHarada_r3_,hideya_h807@kanazawa_med.ac.jp
Rodrigo88_Hao_r3_,rick66807@compass.com.ph
LuisGabelHeroEchauri_r3_,maianoluism807@yahoo.com
JingShanHuang_r3_,surgery807@cgh.org.tw
KrishacharHarish_r3_,drkhari807@yahoo.com
YoshiakiHorie_r3_,yoshrie807@kg7.so_net.ne.jp
HideyaHarada_r3_,hideya_h807@kanazawa_med.ac.jp
LuisGabelHeroEchauri_r3_,maianoluism807@yahoo.com
RycelaDHinolan_r3_,rycelledhinolan807@yahoo.com
BinarwanHalim_r3_,binarwan2002807@yahoo.com
GazaliHaeruddin_r3_,lajangiroe807@yahoo.com
TonnyHartono_r3_,tonny.hartono807@yahoo.co.id
SanH18_laing_r3_,drhlaing807@gmail.com
Yu18_JianHui_r3_,huiyujian88807@163.com
HaiH18_uang_r3_,huanghaimhy111807@163.com
Yuan18_GuoHu_r3_,shengyiyuanguo807@yahoo.com.cn
Chuyuan18_Hong_r3_,hongchuyuan807@sina.com
ZongHai18_Huang_r3_,drhuangzh807@yahoo.com.cn
Yibing18_Hua_r3_,huayibing807@yahoo.com.cn
Bing18_Han_r3_,hanbing.nju807@163.com
AlbertoIellin_r3_,Yellina807@netvision.net.il
RolfGInderbitzi_r3_,r.inderbitzi807@lungenzentrum.ch
GaneshDangal_r3_,gareshma@hotmail.com
p_markbale8_,mark.bale@hotmail.com
p2trickcop_,patrick.cater2@gmail.com
g_theswanse3x_,swansea.p@gmail.com
sebastTheo_md,sebastien.t@hotmail.com
c_maurieologo32,mauricio.geologo@gmail.com
c_szapatah32,szapatah@gmail.com


x_sandersbg_p,sanders.b@hotmail.com
m_natashabp_5,natasha.b@hotmail.com
t_simpsonsch_g,simpsons.c@hotmail.com
m_nathalied6_y,nathalie.d@hotmail.com
~~
x_natashai3_4,natasha.i@hotmail.com
c_natashapu_j,natasha.p@hotmail.com
~~
n_sandersks_a,sanders.k@hotmail.com
o_natashaq4_p,natasha.q@hotmail.com
s_nathaliesr_5,nathalie.s@hotmail.com
g_patrickyi_8,patrick.y@hotmail.com
x_nathalie7c_z,nathalie.7@hotmail.com
~~~~~
??
x_jadacu_w,jada.c@hotmail.com
v_tiffanyse_1,tiffany.s@hotmail.com
d_bradley14_7,bradley.1@hotmail.com
i_ameliaoa_h,amelia.o@hotmail.com
x_kaitlynh1_x,kaitlyn.h@hotmail.com
w_colby5d_i,colby.5@hotmail.com
n_shelby2n_6,shelby.2@hotmail.com
~~~~~
c_gavinph_p,gavin.p@hotmail.com
t_damiangn_x,damian.g@hotmail.com
u_genesish0_c,genesis.h@hotmail.com
g_emmanueldf_p,emmanuel.d@hotmail.com
a_ameliarw_i,amelia.r@hotmail.com
k_lily64_2,lily.6@hotmail.com
~~~~
w_sebastian5u_u,sebastian.5@gmail.com
l_autumnjv_l,autumn.j@gmail.com
e_jessevu_7,jesse.v@gmail.com
h_jaylahf_c,jayla.h@gmail.com
d_jadebh_d,jade.b@gmail.com
e_charlottelf_3,charlotte.l@gmail.com
~~~
