NurudeenIsa,isanurdeen@yahoo.com
UchennaJoyIkokwu,uikokwu@yahoo.com
PerpChubekwe,ogoperps@yahoo.com
OlatSamIdowu,akoweeleja@yahoo.com
NasiIbrahim,ibrahimakanmu@yahoo.com
Christklaki,chrisiklaki@yahoo.com
ChukwobiBIwe,iwechiboi@yahoo.com
Ronalremedio,marrunmd@yahoo.com
SaoriIwatani,saorinhikky@yahoo.co.jp
Michasawumi,misawumi@yahoo.com
Prosphukgboeli,prosper_igboeli@yahoo.com
EdetEmanaIkpi,eekpi@yahoo.com
Humphrerwno,hump89@gmail.com
AlexnaIawan,alexsunu3b@yahoo.co.id
Zaitklhas,ikhlaszaitul.@yahoo.com
NofliIclas,nofli.ichlas@yahoo.com
Wahyuniwati,inawatiwahyuni@yahoo.com
Iswahyuhyudi,yudiswl@yahoo.com
MassoIanuzziM,mim60@libero.it
DozieIkedife,dozieikedife@yahoo.co.uk
YoshihikoIwsa,iwasa@iwsaclinic.com
TKJayarajan,doctkj@sancharnet.in
MMJoshi,mmjoshihubli@rediffmail.com
MaxWernerJotz,jotkow@bigpond.net.au
RemigiJoller,remigi.joller@ksuri.ch
PankajJJoshi,pakajjoshi@bigfoot.com
SanjeevJJuwr,anish_akshay@rediffmail.com
BhupenaKuman,bhupenajain@gmail.com
CarlosJaimovich,sselva@gmail.com
SatishJain,mdoh1@satyam.net.in
SunandaJain,arpankomal@yahoo.com
SureshVishJosh,sureshjoshi@indiatimes.com
JinichSebor,sebor.jinich@gmail.com
SSabuJeyasekha,sabubeena724@yahoo.com
JulioCesarJojoz,juliojojot@hotmail.com
RajeevMJoshi,rajeecjoshi50@gmail.com
AshisLallJecuc,alijachuck@vsnl.in
RajshreeJha,rajshree86@hotmail.com
JaimeLJimenez,docjim901@yahoo.com
MarieClaolieur,jolimcl@yahoo.com
VivekVJoshi,_vivekjoshi@yahoo.co.in
KalpeshJani,kvjani@gmail.com
SunilRasiklalhi,_sunil_joshi@yahoo.com
LaithMohedAlid,laithjawad56@hotmail.com
AjaykumarJJoshi,ajay.joshi23@yahoo.com
JochimsenLisa,lisajochimsen@gmx.de
AjibolaEmmae,eajeje@yahoo.com
FaosatOllaJad,wola07@yahoo.com
HannahJabasa,hannahgyn8@yahoo.com
GabrielOmarJ,faganajf@yahoo.es
AtulMJoshi,atul31@yahoo.com
SeemaJain,jainseema@gmail.com
VictoriaJoton,johnstongnanaraj@hotmail.com
WJustine,mailjus@yahoo.com
WuJiFfuJi,jiquvip@hotmail.com
HuaJiaggia,jiahua110@yeah.net
PengchengJian,pcjiang@hotmail.com
QianJiang4,qjiang43@263.com
YongJiang23,jsswczx@163.com
JianguoJiang,jiangig001@163.com
KuirongJiang,jiangkuirong@njmu.edu.cn
AnanaoDJagae,anand.jagadale@gmail.com
SandipEJadhav,sjadhav96@yahoo.co.in
TrajanusLaurens,tray_jembise@yahoo.com
DjokoJudojoko,jokokudojoko@gmail.com
RNurulJaqin,njaqin@gmail.com
SigitJatmika,sigit_jatmika@yahoo.co.id
MukunajJoshi,kmc@healthnet.org.np
MontielJimefes,montieljf@hotmail.com
LeiJinLaila,jinlei8016@163.com
HouPanJiang,j7379@163.com
JunJiang23,jiangjun6987@yahoo.com.cn
MengWenJiang,1059505996@qq.com
HuaJiaHuo,jiahua110@yeah.net
XueCaiJiang,7xcq2y@tom.com
FanJiang34,maimia081@163.com
KuiRongJiang,jiangkuirong@njmu.edu.cn
WeidongJia,jwd1968@sina.com
ZhiXiangJian,jzx_118@163.com
JunJiang,andyjongmail@yahoo.com.cn
ZhengHuaJu,juzhenghua@163.com
ShatnuDJivani,shatnuj@yahoo.co.in
ManuelJacinto,manuel.jacinto@customs.gov.ph
HuaJiayao,jiahua110@yeah.net
QiongJiang,yjiang8888@hotmail.com
WeiJiang19,wj.1968@163.com
CKJongsma32,c.jongsma@chello.nl
ReginaldJoseph,rjoseph@yahoo.com
JamMJustoJaneiro,jaime_justo@hotmail.com
AliAnwerKamal,nargiskamal@gmail.com
SharadGKelkar,ronkelkar@gmail.com
AnilYKittur,latakittur@hotmail.com
TakashiKanema,info@icsjapan.org
TiewGuanKwok,jkwok@ficnet.net
SyedSerajulKarim,shafayat.syed@yahoo.com
MMohanSampath,mohansmapathkumar@gmail.com
YoshitoKiyasu,cykiyasu@eph.pref.ehime.jp
SeigoKitano6,kitano@med.oitau.ac.jp
AshokVKalamd,avk333@gmail.com
RavinaRKatgi,ravi@vsnl.com
MrsMeenaRKatgi,meenark@rediffmail.com
HyunSooKim,phskim@unitel.co.kr
ShashiHKarni,shk1945@rediffmail.com
PKumarasamy,pkarthik@hotmail.com
TCKatzeff,katzefft@yahoo.com
Kasunobuhara,kkawahar@med.oitau.ac.jp
MahenjKshnamy,rajsavi545@yahoo.com
LutzKuhne,Kuhne@gmx.net
LokeshKumar,lokesh@airtelmail.in
MohanKameswan,merfmk@yahoo.com
MrsSwagataKa,swagata_khanna@sify.com
VivekKumar,vivekrenu2003@yahoo.co.in
ProfVladimKral,vladimir.kral@fnol.cz
PDJuergenKoza,kozianka@annahospital.de
FarooqAhmad,farooqakahn@hotmail.com
ErikWilliamKr,trijs.kummer@zonnet.nl
VinayKumarKar,vkkapoor@sgpgi.ac.in
RajenaKarwara,karwasra@yahoo.com
RaviKant,ravikant@rcsed.ac.uk
AnitaKant,anitakant@yahoo.com
ChanashekharKale,ckale@rediff.com
GeorgeKhvadagiani,giakhvadagiani@gmail.com
VinodVasuderkare,neelavinod@hotmail.com
ChaitanyaPrthari,cpkothari@rediffmail.com
JagdeeharKlkarni,jnkulkarni@gmail.com
AkiraKakita,akakita@takekawa.gr.jp
CuneytKonuralp,ckonuralp@usa.net
MRKulkarni,mrk_@hotmail.com
HiroyukiKuno,hkuwano@med.gunmanu.ac.jp
DimitriKordzaya,ctma@ctma.com.ge
BirenaPKashyap,rch_kashyap@sancharnet.in
AshokKumar6,ashokakgupta@yahoo.co.in
MuthurAjilamar,ajithortho@yahoo.co.uk
MasatoKusunoki,surgery2@clin.medic.mieu.ac.jp
JyojiKuromizu,georgek@nadogaya.com
TatsuroKoide,hoken@dpc.au.ac.jp
TairaKinoshita,tkinoshi@east.ncc.go.jp
HisashiKasugai,hisashi@ht.catv.ne.jp
YaoHuangKo,kyh44317@ms16.hinet.net
MohiuddinKidwai,mkidwai@yahoo.com
KamyarKahnaui,kamyarkahnamoui@hotmail.com
AjayShyamKaur,ajaykanbur@hotmail.com
RajeshKhullar,rajeshkhullar@gmail.com
ArvindKumar,arvineena@hotmail.com
FumioKonishi,DZD00740@nifty.ne.jp
TalalKhaleh,khalifeht@yahoo.co.uk
ArunKumar78,arun_kumar@hotmail.com
KarnailSigKal,kskalsi@yahoo.com
BhartiKashyap,rch_kashyap@sanchernet.in
Krishnhnanand,singhs@ntc.net.np
MiguelJoseKedo,jokemg@hotmail.com
DakhilKhuder,dakhilkhuder@yahoo.com
RehanKazi33,rehan_kazi@hotmail.com
ToranBahadurK,torankc@yahoo.com
ChKrishnaiah,krshinaiah@gmail.com
AjitNKukreja,infoajit@ratandeep.com
NArunKumar4,arunkumar@rediffmail.com
NiranjanKumA,niranjankumar@sdmmedicalcollege.org
DamarisKneif,dkneif@hotmail.com
MamoruKawaami,kawakami@wakayamamed.ac.jp
SVSRKrishna,krishnasvsr@gmail.com
SuprashantDKu,suprashant@vsnl.net
KSendhilKumar,sendhil@yahoo.com
GSMaheshKumar,manomahesh@rediffmail.com
MoustafaIbrahimAK,miakhalil@yahoo.com
NkiruNKizoraiwe,nakaraiwe@yahoo.com
faciscoKrurPos,franciscokruger@yahoo.com
TeimurazKemok,kemoklidzemd@hotmail.com
YoshitoKotera,kotera@ige.twmu.ac.jp
DaisukeKudo,usdai88@aol.com
GKrishnaKumar,sasisang@rediffmail.com
ShyamKumar,shyam@devnandinihospital.com
UlkuEsraKuscu,esrak@baskentank.edu.tr
HamdiKarakayali,hamdi@baskentank.edu.tr
AnandMahipat,kamatnh@dataone.in
SandeepUmakake,skenkre@yahoo.com
AnilKhetarpal,anilkhetarpal@hotmail.com
AshokYadavagar,ayk@indiatimes.com
MahenaSudakar,ortho67@gmail.com
ShantRamckulki,shantanu@sancharnet.in
KashibaKakh,kashibadze@yahoo.com
JaimeUKhoGo,_khogo@hotmail.com
Hirohistagawa,kitagawa@surg2.m.kanazawau.ac.jp
RKannanrin,kans@hotmail.com
SudershanKapor,kapoor008@yahoo.co.in
SunilKaul13,sunilkaul3@rediffmail.com
SandeepKumar,skljmc@yahoo.co.in
ZhamakKhorgami,khorgami@tums.ac.ir
MiroslavKavka,miroslav.kavka@nemzn.cz
FezaKarakayali,rektorluk@baskentank.edu.tr
MasaakiKarino,karino71@med.shimaneu.ac.jp
TakayukiKato,katot@med.shimaneu.ac.jp
ChandaKarki,chanda_karki@hotmail.com
RKalyani,kalyani@bhetting.co.in
PKamalakanan,kamalsaradha@yahoo.com
ArvindKrishnay,arvindkrishnamurthy@yahoo.co.in
PSenthilKumar,ksendhil@yahoo.com
RSenthilKumar13,rsk1212@rediffmail.com
SubirenaKummar,subir555@gmail.com
UshaRKrishna,ushark@sify.com
MasahikoKaguchi,surgkw@gmail.com
HidetoshiKatsuno,katsuno@fujitahu.ac.jp
NajSaquibKhan,najmkhan@hotmail.com
KhizarHayatK,khizarkhan@yahoo.com
AramKakarash,kakarash1967@hotmail.com
KojiKogawa,koji0511@star.ocn.ne.jp
ToruKono,kono@ashikawamed.ac.jp
EugeneKongnyuy,kongnyuy@unfpa.org
LianbaoKong,lianbkong@yahoo.com.cn
SulkhanKemlidze,sulxan41@gmail.com
KebretKebede,kebret.kebede@nsc.nevada.edu
NitopanKalita,nitopan_kalita@rediffmail.com
RahulKataria,rahulskararia@hotmail.com
SachinKulkerni,ivfindia@hotmail.com
BaharPKulkarni,bahar.kulkarni@gmail.com
TusharSKhachane,tushar_khachane@yahoo.com
SampathKumarK,docsampath@hotmail.com
AshishRamchaKale,ashishkale1978@gmail.com
SureshKumar,sureshpaarth@yahoo.com
KiranJeevanKi,kirankurtkoti@gmail.com
MSSenthilKumar,medisen@gmail.com
RajneeshKumar,rajnesshkumar@hotmail.com
KenaLaxminath,karanthkl@yahoo.com
EnohNkonghoKi,enohnkongho@yahoo.co.uk
KaziZeejez,zhk27@hotmail.com
NighatKamal,nighat.km@gmail.com
HermanJosKunc,hykuncoro@gmail.com
VithalVKamat,amkam@rediffmail.com
MerabKiladze,kiladze@doctor.com
VikramKashyap,kashyaps@gmail.com
NPratapKumar,pratab.kumar@manipal.edu
SKrishnaswamy,krishuic@yahoo.co.in
RakeshKacker,surgeonkacker@gmail.com
ShingoKameoka,kameoka@surg2.twmu.ac.jp
NixonBKroons,nixonroons@yahoo.com
KomangKomang,komangkomang@yahoo.com
IwanIraKarman,iwankarman@rocketmail.com
SoetanGandaKuma,soetanto@yahoo.com
AntoniusKurnia,anandito2002@yahoo.com
DeddyKurniawan,kurniawandeddy59@yahoo.com
HenikusKlaraan,henikusKlaraan@yahoo.com
KhaidirmanK,khaidirman@yahoo.com
JonKenedy,JKENEDYKTB@gmail.com
InaKumala,inakumala@gmail.com
KhadKhairuddin,khairuddin.rspb@yahoo.com
MuhammadKasim,kasim.surgeon@yahoo.com
NugrohoKnianto,ugroho34@yahoo.ac.jp
ChanaKrisynajaya,kt.chana@yahoo.co.id
RozhanYassinKhal,rozhahyassen@yahoo.com
ProfAijLieKwan,a_lkwan@yahoo.com
ArshadUllahKhan,arshadpk@hotmail.com
KamalBahrKhadka,.khadka@hotmail.com
GyanenaMinghK,gkar@nns.com.np
MarioKopljar,kopljar@yahoo.com
FumihikoKimura,kimura_f@masuda.jrc.ac.jp
PavlosKoustas,koustaspavlos@gmail.com
KiriakosKtenidis,kirktenidis@gmail.com
LiangLiangKong,loveguiguichina@yahoo.com.cn
LianbaoKong,lbkong@njmu.edu.cn
MingKuang,kuangm@mail.sysu.edu.cn
HuaKangHua,kanghuamd@163.com
JingKong34,kongjing1998@163.com
SoniaKamboj,lakhpa@yahoo.com
Madhabanandr,mkar279@yahoo.co.in
SanjivPKarkis,sanjiv@hotmail.com
AnuradhaKhana,anuradhakhanna@yahoo.co.in
RituKhare,ritu.khare@gmail.com
HariBKapila,hbandkk@hotmail.com
KekooMSKavarana,kkavarana@gmail.com
YasushiKasagi,kasagi@kasagihosp.jp
NobuyasuKano,nkano@alpha.ocn.ne.jp
HiteshKumash,brigadier_kahyap@hotmail.com
AshokKumar23,kumarashok_99@yahoo.com
MasakiKitajim,kitajima@iuhw.ac.jp
NugrohoKampon,Kampono@attglobal.net
AnandDKamat,adkamat@rediffmail.com
AlanKLLau,alanklau@netvigator.com
KimKLee,kimkwonglee@yahoo.co.uk
YooiCLee,Yooichyunlee@gmail.com
DeepakDLawande,lawande@vsnl.com
ColinSoonSLee,colinleess@yahoo.com
YunTshanVitLee,vleeyt@gmail.com
KokHooLim,raphael@tm.net.my
NurRachmatLubis,noerrl1@yahoo.com
IshwarLohani,ilohani@hotmail.com
ShantanuLahkar,slahkar_ortho@yahoo.co.in
UrbanThLaffer,urban.laffer@szbchb.ch
PeterLooser,peter.looser@gmx.net
AidaFLopezParedes,a.bolivar@yahoo.com
NodarLomidze,n_lomidze@mail.ru
GiaLobzhanidze,gialob@posta.ge
ShinnZongLin,shinnzong@yahoo.com.tw
ChaiSengLing,acsl23@streamyx.com
SusanMeyLeeLim,slsurg@singnet.com.sg
ChanaKrishnaLohra,lohra1951@yahoo.com
HungMaanLee,hungmaan@ms12.hinet.net
JaimeDanteLayos,chapelayos@yahoo.com
MarieNicoleSevere,severehenri_robert@hotmail.com
EduardodaCosta,elimadacosta@mac.com
RaymondTabanLadu,rtladu@yahoo.com
Sutdhachanda,stchit@pmk.ac.th
LaxmikaDiadukar,lladukar@rediffmail.com
MuradEruchLala,muradlala@yahoo.com
EdwinTLabro,surglabs@yahoo.com
EnigardoBaslador,jundadlegislador@yahoo.com
EdnaLagunay,edna.lagunay@yahoo.com.ph
NatividadLira,nangbaby1727@aol.com
Adeboseguaketu,laketu@yahoo.com
ShunsukeIimori,iimori523@gmail.com
ErnestoLabra,eglabra@yahoo.com
Rosielibutaque,blugrasshopper06@yahoo.com
LinoLlames,lcllamesmd@yahoo.com
NancyLopezdeJar,faganajf@yahoo.es
VictorRauLuriC,lurascho@gmail.com
TimothyLee,timothylee@gmail.com
PeterLimHuatChye,profpeter.lim@gmail.com
AntoLukenda,anto.lukenda@bolnicasb.hr
DinkoLeovic,leovic.dinko@kbo.hr
VepkhvaLomidze,vepxialomidze77@yahoo.com
XiangchengLi,lixiangcheng@gmail.com
QiangLi23,liqiang020202@163.com
JiangpingLi,wxssylip@163.com
DonghuaLi,donghua_li@163.com
JunshengLi,lijunshenghd@126.com
NingLi123,liningrigs@vip.sina.com
JungchengLi,jchenglee@sina.com.cn
WenmeiLi11,L5748036@126.com
WeiginLi,liweigin@yahoo.com.cn
YongxiangLi,yongxiangli@yahoo.com
JianpingLi,wxgdyzx@yahoo.com
BinLing,linbin4486@163.com
ShengliLiu,liuslnj@gmail.com
LijiaLiu,lljnj2004@yahoo.com.cn
XiaoanLiu3,liuxioan@126.com
BinLiu,liubin.xy@163.com
XushunLiu41,liuxushun@sina.com
ChangjianLiu,_cjliu@hotmail.com
SenLu,lusen68@yahoo.com.cn
ZipengLu,surgeonmark@hotmail.com
WenxiongLu,15951955916@126.com
TianpingLuo,rebalance@yahoo.cn
LingLv,lvling@njmu.edu.cn
PriyataLal,lalpriyata@yahoo.com
PawanLal,pawanlal@yahoo.com
PraveenLohote,doctor_lohote@hotmail.com
DilipILunkad,lunkadhospital@hotmail.com
DirkALoose,Prof.Loose@gmx.de
DominggusLanggar,ratoede@yahoo.com
AneasLensoen,_aneas_ani@yahoo.com
TommyLengkey,tommylengkey@yahoo.com
MichaelLapian,lapian.michael@gmail.com
DarmawanLie,ladharmawan@hotmail.com
LewisLie,lewislie@yahoo.com
KianHongLiem,.liemkh@grhakedoya.com
NicoLumintang,nicol_hnsurgery@yahoo.com
RusmanLubis,rusmanlubis@yahoo.com
SeinLin23,profbgseinlin@gmail.com
ManHoLam,f1592821@gmail.com
EricTatChoiLee,ericlee@hotmail.com
BertrandChiH,bertieleung@hotmail.com
CuTaiLu,cutlu01@yahoo.com
IoannisLazaris,lazaridis@yahoo.gr
HaoTianLi,15092797666@139.com
HongYauLi,lihongyan001.cool@163.com
JianChaoLiu,jianchaoLtc@gmail.com
JingLan123,21474646@qq.com
JianXiaLiu3,liujx64@126.com
ZhongYinLiu,576533209@qq.com
ZhanJunLi,liz.888@163.com
BeibeiLi33,hello_beibei@yahoo.com.cn
YongLi,Liyong51688@hotmail.com
WeizhiLi,wisonic@sina.com
NingLi,Ningli@hotmail.com.cn
YuWenLiu,geniuspigLyw@126.com
JieLilali,41371257@qq.com
JuanLiuy,393830487@qq.com
HuanLiufo,powerliuhuan@163.com
GuanghaiLiu,lgh87820@126.com
DongLi,Lidong1213@163.com
YanLiangLiu,543068591@qq.com
JianLi,253375219@qq.com
ShuJianLi,382794128@qq.com
JinChunLiu,chun19890318@sina.com
JunLiugu,736745761@qq.com
PengLiuwu,guyuehunian@126.com
WenKangLuan,Luanwenkang@126.com
HongYangLiu,Lhynmu.163@163.com
NianShengLai,121534195@qq.com
MengDiLiang,335027001@qq.com
MinChiLiao,minchi.liao@gmail.com
NingLi44,liningrigs@vip.sina.com
QinLei123,139511099@qq.com
TianPingLuo,robalance@yahoo.cn
JianQunLiang,Liang7906@163.com
KaiLi,LXYLK567@sina.com
KongBingLiang,chenyadong0213@163.com
WeiGuoLiu,LszyyLwg@163.com
ZhongFengLiu,Chinaren@Laoliu528.com
YanJunLian,lianalian@163.com
HaoFengLiu,670378325@qq.com
MingLu31,lumingmd@126.com
ShiMinLiu,Lsm7968@163.com
DongXiaoLiu,Liudongxiao@sohu.com
XiaGangLuo,jssyLxg2003@sina.com
YiQunLei331,leiyiqun1103@sina.com
ZhiKuiLuo,13956911063@163.com
GuoqingLiu,liuguoqing.1985@163.com
LiJiaLiu,lljnj2004@yahoo.com.cn
QiangLi,liqiang020202@163.com
ZiPengLu,surgeonmark@hotmail.com
HuiLugolu,980249125@qq.com
XiaoAnLiu,liuxiaoan@126.com
LiJunLing,pangpangzheng@126.com
WenLiu,liuwen8998@163.com
LingLu123,luling@njmu.edu.cn
GuoqiangLi,liguoqiang@njmu.edu.cn
XiangchengLi,lixiangcheng@gmail.com
KaiLuokai,nanjingluokai@hotmail.com
JinLongLiu,liujinlong@sina.com
HuiLiang,lianghuilph@hotmail.com
ChenHaiLiu,liuchenhai001@163.com
XianShengLin,908685096@qq.com
WenbinLiu,lwb2002@126.com
HaiwuLu,luhaiwu@126.com
JiamingLai,jmlai2000@yahoo.com.cn
QiangLi,lq642@hotmail.com
BinLuo,luobin@xwh.ccmu.edu.cn
DianGangLiu,hol2008@hotmail.com
FeiLi,feili36@ccmu.edu.cn
AngLi,liang@xwh.ccmu.edu.cn
JiafengLiu,liujiafeng914@126.com
DachuanLiu,dachuan70liu@gmail.com
DongbinLiu,liudongbin90266@sina.com
KuoLiang,lingkuo611@sina.com
BoweiLiu,zhoukaijia1977@163.com
YongNanLi,cmuliyongnan@126.com
ShuoYanLiu,shuoyanliu2010@163.com
ImtiyazAhmad,imtiyazalone@yahoo.co.in
MAVaithingam,mavaithiyalingam@yahoo.co.in
GilbertTanLao,gilbert_lao@pal.com.ph
NanLiNanli,jianfeng_bai@qq.com
KedongLi,lkd1216@163.com
ChaoLiChaol,leechaodz@yahoo.com.cn
ZhaoLiang,liangzhaowk@165.com
ChaoLiu,liuchao1234@yahoo.cn
HaoLiu,31499924@qq.com
XiuyuanLiu,liudoctor70@126.com
TianpingLuo,robalance@yahoo.cn
XingdongLuo,czluo7d@163.com
ProfJohnSPLumley,jsplumley@yahoo.co.uk
OlusegunBLeramo,olugem3@aol.com
WingYiuLui,wylui@vghtpe.gov.tw
IoannisTLyras,Lyras@lifting.gr
AlvinHMcKenzie,ahm@telupplanet.net
RMMalhotra,mnmhagra10@dataone.in
QureshBMaskati,qureshmaskati@hotmail.com
KimJacobMammen,kjamammen@gmail.com
AhmadAwadMaato,a.alawad@hotmail.com
TakayukiMorita,morita.t@kkh.biglobe.ne.jp
KSMayilvaganan,mayiljeeva@yahoo.com
MrsAbhaMajumdar,abhamajumdar@hotmail.com
JayaramanMohan,lapmohan@hotmail.com
MrJacobMani,Jacobmaini@tinyworld.co.uk
SanjivKSMarya,sanjiv@del3.vsnl.net.in
LNMohan,lnmohan@hotmail.com
RajkumarMathur,rkmmyh60@yahoo.com
HiroyasuMakuuchi,makuuchi@is.icc.utokai.ac.jp
MoritoMonden,monden@jfcr.or.jp
IvanMalyki,i.maly@seznam.cz
PeterJohanoppo,peter.jmanoppo@gmail.com
AbelMoisesDiaz,abelmoralesd@prodigy.net.mx
MotiurRahmolla,mrmolla@dhaka.net
AntonioMazanos,amartinezcastellanos@gmail.com
UMetzger,Urs.metzger@triemli.sten.ch
KazuoMaruyama,kmaru@clinic.medic.mieu.ac.jp
AmiraliVaaiMomin,sonamh@icenet.net
LavrentiMagadze,lmanagadze_gua@mail.grena.ge
KenjiMatsumoto,vscsurg@sc.itc.keio.ac.jp
HipolitoSounte,hipolito@monteklinikum.com.br
BanshiKrishalla,nma@healthnet.org.np
RoccoAntuotti,maruotti@gmail.com
DaleAnewMaharaj,dalemaharaj@hotmail.com
MohammadJMam,mohammad@makhdoum.net
HidekiMasuda,hidekim@med.nihonu.ac.jp
BadarTMaskati,qureshmaskati@hotmail.com
MadanMMalla,nma@healthnet.org.np
AmiyaKantiMar,amiya.majumdar@rediffmail.com
MasayukiMasuda,mm2you@coral.ocn.ne.jp
YukihikoMuraoka,ymuroaka@kokushikan.ac.jp
TakafumiMaekawa,tmaekawa@fukuokau.ac.jp
MoritoMaruta,surgery@fujitahu.ac.jp
SoichiMugiya,mugiya@hamamed.ac.jp
MichaelMcFarlan,mecmcf@yahoo.com
SamirFMassoud,SAMIRMASSOUD722@hotmail.com
EvertNilturra,evertnilton@hotmail.com
GustavoMiVega,gmmachain@yahoo.com
JeanMarieMichel,micheljeanmarie@yahoo.fr
KenichiMafune,mafune@mitsuihosp.or.jp
ShuichiMiyakawa,smiyaka@fujitahu.ac.jp
MrAshishMinocha,ashish.minocha@nnuh.nhs.uk
DeepakPrakara,deepakmahara@hotmail.com
ManuelPMondero,mpmondero@skyinet.net
JoelFrancizMdina,jfmarquez@yahoo.com.mx
Samireldeen,samir_frcs@yahoo.com
AMichaelam,amichael@yahoo.co.in
NizarSMusawa,_nizar2000@hotmail.com
JaySeelanMathias,jmathiashosp@rediffmail.com
KoutarouMaeda,kmaeda@fujitahu.ac.jp
MasaruMurai,mmurai@sc.itc.keio.ac.jp
AshokBMathure,ashok_mathure@yahoo.com
AbdHamidMatSain,abhamid@usm.my
AjazAhmedMalik,ajazamalik@yahoo.com
SatishKumara,midhasatish@hotmail.com
Biswakhopadhyay,bmukhopadhyay@yahoo.co.in
NizarMAMalassi,nmalassi@gmail.com
AbrahamNMercado,ahammerc@yahoo.com
BekhaLaxmidhar,mberhl@hotmail.com
Sharadaheshwari,sharad_maheshwari@rediffmail.com
SanjayMongia,radiosurgeon_9@yahoo.com
GeorgeManagadze,gioman3@yahoo.com
MauricioMyruaos,fm.monroy@shaw.ca
AneNunoTMagalhaes,amag1976@hotmail.com
AbdollahMesbah,l.beckmann@gmx.de
RahulMancha,rahusmanchanda@rediffmail.com
FerdinandCkafor,okaformadula@yahoo.com
SegundoMarin,semarinc@hotmail.com
AvtandilMeadze,avtomeg@yahoo.com
AbdulsattarMemon,asattarmemon@hotmail.com
JoaquimMurta,jmurta@netcabo.pt
PrachiUnmesajan,prachi@talk21.com
NMohanMat,nats.mohs@yahoo.com
KhalidMasood,kmasood1966@hotmail.com
GokhanMoray,gokhanm@baskentank.edu.tr
FadhilMuhamed,fadhil_marzan@yahoo.com
AntoninoMorato,antonino.morabito@manchester.ac.uk
ChrispenDzinya,cdmushaya@yahoo.co.uk
BrijMohanMama,bmmamoria@gmail.com
SaurabhMisra,saurabhmisra@yahoo.co.in
RajashekarMon,rajshekarm@rediffmail.com
UdayMadhvbihal,muddebihal@sify.com
RodulfMabulay,rudolfmabulay@yahoo.com
AnewMangiduyos,apmangiduyosmd@yahoo.com
MikhailMikhail,mikhailamikhail@gmail.com
AbubakarMuhamm,abumusa@hotmail.com
AngeloMangahas,orthodoc754@yahoo.com
MythelAnnPMogl,mythelann_nogul@yahoo.com
ArianebMehrabi,araneb_mehrabi@med.uniheidelberg.de
HectorMeanoSam,hameanos@hotmail.com
BlasAntoniRuiz,bamci@hotmail.com
ChristianMirana,chris.mir@hormail.com
NelsonMitsui,nmitsui@yahoo.com
JorgeMedinaGuz,remkajormed@yahoo.com
IdaliaAMediujo,mainumbya@hotmail.com
AnaMarJMyjeda,sunji78@hotmail.com
EmmanuelMagna,ridmagi80@yahoo.com
MariaLourdeero,maloumendero@yahoo.com
SamuelMendero,sammendero@yahoo.com
ClaroMundin,munsanmansion@yahoo.com
SushilMangla,manglasushil@yahoo.com
MarcelMarcic,marcel.marcikic@sb.tcom.hr
DanieleEMarore,maggiore@amcm.info
GuramMentesli,gumendoc@maile.zu
PrakashLadhan,kidscisurg@me.com
YoshiakiMihara,miharamt@dp.unetsurf.ne.jp
DMageswaran,mageswaran@yahoo.co.in
ArvindMala,arvindmalhotra74@yahoo.com
AnthonyChakor,amgbakor@yahoo.com
MaherMilhem,mahirnoor@yahoo.com
AyeMon007,ayemon2007@gmail.com
QinshengMao,maoqsh@gmail.com
ArifMohamad,arifali1946@yahoo.com
BabanDatatran,mahajanb@yahoo.co.in
VaibhavVMudhale,h.vaibhavmudhale@yahoo.in
PrashantPMandan,pmandan@indiatime.com
AshokAMulay,ashokmulay@gmail.com
MilindPMore,milindpmore@rediffmail.com
AjayKumarMandal,ajaymandal@gmail.com
GundappaDMahan,captgdm@redifmail.com
AnandKumarMisra,mishra101@gmail.com
SamirMisra,samirkgmc@yahoo.com
AgungMaryanto,agungyc2ugf@yahoo.com
MustariMustar,mustarimustari@rocketmail.com
SHManullang,e_maboen@yahoo.com
AnangMaruf,why.dwi1234@gmail.com
TeguhMarjono,tegs_island@yahoo.com
DubelMeriyenes,dubelmeriyenes@yahoo.com
AshokRMehta,bsesmg_bk@ghrcbk.org
WillyMuljono,willymuljono@yahoo.co.id
SutanBangun,sutanbangun@gmail.com
HansHotmaMarpag,marpaung.hans@gmail.com
ArmanMuchtar,mukhtararman@gmail.com
MuchdorMuchdor,rs.senengresik@indo.net.id
JamesKimeManang,james.mandolang@yahoo.com
AnyMaanary,anymaanary@yahoo.com
MidianManik,midianmanik@yahoo.com
EdwarMartin,edwarmartin@gmail.com
TaufikSMoeis,taufikmoeis@gmail.com
MuhammadMuhad,muddiesmd@gmail.com
IwanMamur,iwandarmawanmamur@yahoo.com
HanafiMacan,hanafigunawan@yahoo.com
JanMarkus,jm.sita@yahoo.com
AchmadMachali,sri_mm@hotmail.com
UripMurtedjo,uripmurtedjo@hotmail.com
IbrahimMohamed,ibrahimhassan2@hotmail.com
ElioAnSanabria,eamarin@yahoo.com
FrancxavierMala,franmasola@hotmail.com
JoseMariaVargas,josemamarti@hotmail.com
DerlisAugrEspinola,derlis007@hotmail.com
ElvioDarioSalinas,elviomendez80@hotmail.com
RubenDarioAguilera,morenorubdar@hotmail.com
LuisAntoniAlvarez,mujica94@gmail.com
DanielMunozRoda,dmproctologo@gmail.com
MauricioMendieta,mauriciomendieta@gmail.com
LuisMMastronardi,luis_mastronardi@hotmail.com
SeyedMohsenMahmdi,s.mahmoodi@csh.ae
DiaryMohammad,diary2001@yahoo.com
DimosthenisMekras,dmekras@yahoo.gr
NikolaosMelas,melasnikos2000@yahoo.gr
DaLiMeng,mdl920@sohu.com
RenMingyan,matt_ren@hotmail.com
YingXueMa3,416995030@qq.com
YuanYuanMing,727499975@qq.com
YongchangMiao,lygmiao@sina.com
ProfYiMiao,miaoyi@njmu.edu.cn
HaoMaGuMa,lygmahao@163.com
AmareshMishra,amaresh1000@yahoo.com
ShubhranshuShy,ssmohanty@hotmail.com
RehanSabirMomin,rehan@rediffmail.com
KejieMa,mkjmt@sohu.com
ClaudeMeyer,claude.meyer40@bluewin.ch
ProfHannoMilles,millesi@wpk.at
AdiEMody,mody1969@rediffmail.com
NergishDMotashaw,motashaw@vsnl.net
SumioMatsumoto,smatsumoto@ntmc.hosp.go.jp
AhmadAMarvasti,ahmad@marvasti.net
BeneditoAlvera,gustanvollimongz@terra.com.br
AjayPMunshi,p.ajaymunshi@gmail.com
MiguelAMendezFez,mendez@plasticsurgeryredding.com
AlbertoSMolinari,Molinarialberto@terrs.com.br
JoseFDeMoraes,auacaraui@gmail.com
LtColPMadhanan,pmadhu49@hotmail.com
AnteroMakela,antero.makela@mbnet.fi
AugustusUMbanaso,ausymbanaso@yahoo.com
MrArunGMahajani,mahajani@bigpond.com
MrKekiSKMehta,keki1001@yahoo.com.au
PrasantaKMjee,prasanta_gyn@yahoo.co.in
VVRMurthy,murthy_ortha@yahoo.com
MauriceYMorts,maurice.mommaerts@skynet.be
AntonioRMateo,tonymat@surfshop.net.ph
AntonioGMartins,agentilmartins@netcabo.pt
SunilBNadkarni,sunilbnadkarni@hotmail.com
AnadGNande,agnande@hotmail.com
ShyamSNarnoly,narnoly_shyam11@rediffmail.com
RaviPNarayan,rpn@vsnl.com
PrakashNarayan,opnarayan57@yahoo.com
NatarajanSailar,nsailesh2000@yahoo.co.uk
TakaoNakagawa,takaoer@dnh.twmu.ac.jp
MrsNishaSarni,nishanadkarni@yahoo.com
JunNiuJuy,Jun_niujun@yahoo.com.cr
SeigoNakamura,seigonak@luke.or.jp
KarelNovak,karnova@tiscali.cz
ZairinNoor,noorzairin@yahoo.com
ProfKanNyunt,kannyunt@shambhala.com.mm
RajKumarAan,raj_ent_center@yahoo.com
RogersAfamNwabue,roger6nr@hotmail.com
ToshiyukiNitan,nitan@forest.ocn.ne.jp
YoshihiroNab,yamacho@hiroshimau.ac.jp
MasahikoNish,yamacho@hiroshimau.ac.jp
JunichiNakam,junnaka@med.gunmau.ac.jp
VelayudhanNa,kumareghu@satyam.net.in
MunirNasrala,nasrala@yahoo.com
ToshiakiNonami,nonamit@amugw.aichimedu.ac.jp
EnricoNicolo,enicolo@aol.com
TahiraNaeem,hhnaeem@doctors.org.uk
ManuelNovenario,docmannie@yahoo.com
HarishChanaNeupane,harishneupane@hotmail.com
HisashiNakayama,hnakayam@med.nihonu.ac.jp
HarunaAsuraNggada,hanaggada@yahoo.com
AnewKiarieNdonga,anewndonga@hotmail.com
ToshiyukiNatsume,tnatsu22@yahoo.co.jp
ShinNishio,yshinshi@d4.dion.ne.jp
RanjitKumarNandi,ranjit_nandi@yahoo.co.in
YuenNakase,yuen_nakase@yahoo.co.jp
EminAlpNiron,eniron@gmail.com
GiacintoNanni,giaintonanni@virgilio.it
NgimEwezuNgim,nngimic@yahoo.com
CelestineNkanta,cnkanta@yahoo.com
MrsNjideHalima,halimamuri@hotmail.com
SanjayNalachan,director@sanjay.com.sg
SayedAltafNaqvi,saltafnaqvi@yahoo.co.uk
JacintoNoguera,jacinto@click.com.py
JoaquinCarlosRa,jocarahn@yahoo.com
HarmohinderSinal,harmohindern@yahoo.com
MichaelIkechuku,miknnamonu@yahoo.com
HiroyukiNegishi,h2negishi@marianna.u.ac.jp
JawaharNagam,jawahar65@gmail.com
ANirmala,gettoamoha@yahoo.co.in
MichaelChukbu,chukwudiebele1964@yahoo.com
DennisGeorgga,zeraheyecenter@yahoo.com
SayumiNakao,berry@cb3.sonet.ne.jp
ShaozhongNi,bsw199401@163.com
GINambi75,nambi75@gmail.com
DevdattaSuhasi,dedevdatt@gmail.com
JerryNikijulu,j_nikijuluw@yahoo.co.id
AldersNitbani,zidersaknitbani@yahoo.com
MochamadNasiyo,nasvh13@yahoo.co.id
YeppyArielNurn,yeppy.arief@yahoo.com
YuswarNurullah,yuswar13@yahoo.com
EkwarsoNureno,ekwarso_d@yahoo.co.id
YokoNagata,yoko.nagata7@gmail.com
NessimGurguNi,ngsessim@yahoo.com
ThomasNeubzke,thomasNeubauer@web.de
AbdelrahHNasr,arhnasr@hotmail.com
QingFengNi,niyihan20110517@sina.com
PengNiyen,1271399199@qq.com
ZhongLiangNing,nzh6382@sohu.com
KNischal,knischal697@gmail.com
NanqiuNie,nhq1025@sohu.com
HiroshiNakura,hiroshin@xd5.sonet.ne.jp
ManoharGNaani,hitmo39@hotmail.com
Santharamshetty,santharam50@yahoo.com
MadanSNikam,msnikam@gmail.com
HarohallyKNaga,nagarajharohlly@hotmail.com
MarcosANunezCu,N.cuervo@codetel.net.do
FrancisCarrillo,ochoacarrillo@prodigy.net.mx
HidemichiOgawa,hi.ogawa@d8.dion.ne.jp
KonstPotaris,konstantinospotaris@yahoo.com
VladimirProuz,v.prouza@seznam.cz
RobertSPresle,Robert_Presley@health.qld.gov.au
MrsMadhaviBPa,mbpandya@gmail.com
NalliPrabhudas,nprabhudas@hotmail.com
MAPaulma,ma.paul@vumc.nl
MSubrahmanyaPi,subrahmanyamravi@yahoo.com
EmilianoGPerez,jsp05095@mozcom.com
IrmaSPerez,jsp05095@mozcom.com
MonicaSofiaPis,pinanez@rieder.net.py
HsinTePai,Pai9495@ms14.hinet.net
JoseDanteCPanopio,jeromark@info.com.ph
BhupinderSinghPat,surgeonpat@yahoo.co.uk
SuraskarPawar,surajpawar2001@yahoo.co.in
BenNOgbonna,bogbonna@hotmail.com
HeanChoonOng,onghe@myjaring.net
KazumitsuOhmori,kohmori@med.nihonu.ac.jp
GabrielOOgah,gabogah@hyperia.com
LawrenceSOklie,lawrencesokolie@uol.com.br
TitusOdedun,woleodedun@yahoo.com
VijayAEObed,vijayobed@glide.net.in
KHOngnohog,kh.ong@wxs.nl
YasuhiroOhtomo,otomo.accm@tmd.ac.jp
KazuhiroOgasa,kazog@js2.sonet.ne.jp
MiguelTOcampo,miguelocampo@yahoo.com
SusumuOkajima,susumu@okajima.fsworld.co.uk
RomeoOngMD,romy_ong@yahoo.com
WilliamsWilson,caseclinic@yahoo.com
TakehitoOtsubo,otsubo@mariannauac.jp
FrancisOsita,frankokp@yahoo.com
GbemisolaOku,okunoyezara@yahoo.co.uk
HideakiObara,obara@sc.itc.keio.ac.jp
LeventOzlu,leventozluoglu@baskentank.edu.tr
HakanOzkardes,ozkardes@baskent.edu.tr
JoaoOlias43,jolias@gmail.com
OlumuyiwaJoel,ogunjosh@yahoo.com
BenedictoOreta,dick_oreta@yahoo.com
BandeleOsinusi,deleosinusi@yahoo.com
AnselmOkwObi,aoobi@yahoo.com
Okechukwuodi,okeyokidi@yahoo.com
AlexanderOkoy,aokoyomo@yahoo.com
Folushodele,foluomodele@yahoo.com
PeterDoneOkoh,peterokoh2002@yahoo.com
BamideleOlayi,dele_olayiwola60@yahoo.com
OlawaleOlusog,wale_olubi@yahoo.com
OlaboOgunbanjo,bodeogunbanjo@yahoo.com
JohnOoObafunwa,joobafunwa@hotmail.com
AbahAineOmale,omaleabah@yahoo.com
YilaiEdeOku,yilaioku@yahoo.com
TakafumiOhshiro,ttoo@ohshiro.com
NapoleonObana,napydel@yahoo.com
EustiOliverio,docjunmd@yahoo.com
GoveramiOOkome,govokome@yahoo.com
GoverBennkome,govokome45@yahoo.com
OsmanMoAbbas,mhabbas1977@gmail.com
Adegbitemokun,gbiteogunmokun@yahoo.com
OlufemiTladapo,tixon_y2k@hotmail.com
PatrickIiOkonta,patrickokonta@yahoo.com
UchNOnyejimbe,royal_sp_hospital@yahoo.com
TawualtAOttun,taottun@yahoo.com
PhilemonOkoro,phileokoro@yahoo.com
AkikoOmori,ohmori@ige.twmu.ac.jp
AkanbiClemejede,clemoji2000@yahoo.co.uk
KoerniaSwaOetomo,koerniaso@yahoo.co.id
DuriyantoOesman,ainynta@yahoo.co.uk
TaishiOkayama,taiac@asahikawamed.ac.jp
MinOo,min.oo21@gmail.com
EigoOtsuji,otsuji@koto.kpum.ac.jp
SalvioOOsmena,bimsoil@yahoo.com.ph
UretzJohnOl,uretz.oliphant@carle.com
KotaOkinaga,kota@med.teikyou.ac.jp
RAMVanOppen,vanoppen@quicknet.nl
ProfEarlROwen,earlowen@bigpond.net.au
NENObianyo,ics_nns@yahoo.com
AfonsoOetti,aoettingjr@yahoo.com.br
RobertTOShea,rtoshea@adam.com.au
Siddalingkondy,sorekondy@yahoo.com
Augustinbiora,ekocorp@hyperia.com
ChawaOngcharit,congcha@samart.co.th
KazunoriOchiai,kochiai@jikei.ac.jp
KNParelazhagan,knpari@yahoo.co.in
DeepakMParikh,dmparikh@vsnl.com
Kanaiyalalanchal,hardikp98@yahoo.co.in
KedarnathPadte,padte.kedar@gmail.com
RamchanaPathak,pathakram@yahoo.co.in
GuruPrasadPainuly,gp_painuly@yahoo.com
SinnathambyParamarajah,srajah@pc.jaring.my
LtColPKPatnaik,patnaikpk@hotmail.com
RameshMPunjani,ramesh_punjani@yahoo.co.in
BasilEPapalois,Vassilios.papalois@imperial.nhs.uk
HeliodeRPaol,crispaoliello@yahoo.com.br
SureshBPatankar,amaitrust@yahoo.co.in
LuisPachecoOjeda,luispach@interactive.net.ec
ParthaSarathiPaul,pspaul54@rediffmail.com
PetarPetricevic,petricevicp@open.telekom.rs
SwatiJagdishP,swatipandit@yahoo.co.in
NarayananPatt,psn@hotmail.com
MrsJayashriSa,smruti63@hotmail.com
MrsManoramaPik,pkpattanaik@yahoo.com
NugzarPargala,nugparg@hotmail.com
BharatSurenaP,bspandya@gmail.com
MrsVijayaParae,kpp@hotmail.com
DevalAmrishP,devalparikh@gmail.com
EPrabhavathi,eprabhavathi@hotmal.com
GourikumarPry,gk@prusty.com
HugoAlbertoPo,pardohugo@fibertel.com.ar
JadePresbito,Japresbitero.md@gmail.com
SudhirRPadhye,srpadhye@hotmail.com
RajeshwariPande,pamrajprasad@hotmail.com
SurachestPha,pnatsu@yahoo.com
SonthenePierre,sospie55@yahoo.fr
OdetteMPerron,cloper@videotron.ca
BolivarDanielPi,bolivarpinopino@yahoo.com
NeelamPradhan,saurabh_44@hotmail.com
SaraswaPadhye,saraswatipadhye@info.com.np
PadamPantPadamRaj,padam2060@hotmail.com
PradhanPramila,nmc@nmcth.edu
VijaykumarPisat,pisat@yahoo.com
BNPrashanth,docpbn@yahoo.com
DujupNikhaPrasi,dujup18@hotmail.com
JoaoTMartins,pimenta@med.up.pt
JoaoPintodeS,japs@med.up.pt
PurushottamKel,patel24@yahoo.co.in
AAbrahamPremk,rubyprem@gmail.com
NikolozPruidze,nikpruidze@yahoo.com
FazlulQadirPa,fazlparray@rediffmail.com
PremanandPono,pponoth@hotmail.com
RohitKumarPok,rohit@healthnet.org.np
LeventPerkiru,didim@superonline.com
NPalaniappan,npalaniappan@hotmail.com
BKHPatil3,jghospital@sancharnet.in
JimmyBPacete,jimmypacete@yahoo.com
IsabeliFerrer,ysabelperalta@yahoo.com
MarlenePalio,acindy_p@yahoo.com
LeonidesPapa,nidespapa@hotmail.com
ManuelPonce,neuroeagle@netscape.net
SailesPradhan,saibinita@yahoo.com
TosanLkPopo,ltpopo@yahoo.com
JosePailinan,p.josempangilinan@yahoo.com
Nikunjowar,nikunj1964@hotmail.com
GuidoParqgra,gparquet@hotmail.com
RonniePayba,r5amd@hotmail.com
AprilRPunzalan,doc313april@yahoo.com
VedPrakash,verma.ved@gmail.com
VijayShankar,vsdbg@yahoo.in
HrvojePalenkic,hipal@net.hr
IvanaPajicPic,ivana.pajic@bolnicasb.hr
MladenPreijevac,mladen.preijevac@zg.tcom.hr
ArashPirastar,rektorluk@baskentank.edu.tr
AnandPillai,aorthopod@yahoo.co.uk
HaramPaulPola,partola@rediffmail.com
BhanuPratabSingParmar,bpspasrmar@yahoo.co.in
UmeshOPaprunia,umeshpaprunia@gmail.com
BhanCPatel,_bhavin_patel@yahoo.co.in
PravinPatel,harshvp@yahoo.com
MahadeoRamaPel,p.mahadeo_patil@rediffmail.com
PramodKumarPik,pkpatnaik@ntpc.co.in
JeewanSingh,prakashortho@yahoo.com
NeerjaPuri,neerjaashu@rediffmail.com
YimingPan,panyiming6620@sohu.com
LiyongPu,puliyong@njmu.edu.cn
KamleshBPatel,kamleshpatel.uro@gmail.com
MangeshSPanse,pmangesh@yahoo.co.in
SarfarajSPathan,pathan.1978@rediffmail.com
SunilDPopat,sdpopat@yahoo.co.in
NitinJagannathPote,nitin_pote@rediffmail.com
SanjayGPurandare,_purandare@yahoo.com
SnehalMPurandare,snp2311@yahoo.co.in
AmitSParasnis,amitparasnis@gmail.com
MhdNatsirPohan,pohan_d@yahoo.co.id
SugengPranoto,pranoto_sugeng@yahoo.com
JunusPetonengan,junus_petonengan168@yahoo.com
JohanisPalimbongPayung,
AdiPurnomo,adi_spb57@yahoo.co.id
TriPaptomo,tripaptomo@hotmail.com
TriyogoDjokoPo,djoko_pr@yahoo.com`
SuryaPohan,apo.pohan@yahoo.com
RobertAParulian,a.parulian@yahoo.com
EkoWahyuPribadi,satuoke@yahoo.com
SriPratomo,atom.pratomo@yahoo.com
PurwadiPurwadi,p.poerwadi@ymail.com
AndyPardede,andy.srg@yahoo.com
WimpieFPanresi,p.wimpie_PB@yahoo.co.id
RAndiHariPrabowo,andibow@yahoo.com
LinusPurbojo,lpurbo@telkom.net
DanielPuguhyo,dppramudyo@yahoo.com
MilleMilasato,millepranoto@gmail.com
JarisdenPurba,jarisdenpurba@gmail.com
ErikPrabowo,sastroasmoro@hotmail.com
HeruPrasetya,herup_uro@yahoo.com
RetnoAPurwanih,retno_ap@yahoo.com
AgusPriyadi,goesprie007@yahoo.com
PramugyonoPo,smfbedah_rsudnganjuk@yahoo.com
BinsarParhusip,binsarp72@yahoo.co.id
AntoniusPura,agungtasiaangle@yahoo.com
AgungPurnama,agungtasiaangle@yahoo.com
EdyPurwoko,edyp_ds@yahoo.com
DarmoenPrawa,prewira.darmoen@yahoo.co.id
DwiraniPratiwi,dwiraniristanto@gmail.com
MiroslavPytk,kiltyp@hotmail.com
JoseGabrielDiaz,gabrielpatinhord@hotmail.com
AlejanoMPerx,mpervieux@yahoo.com.ar
FlavioSebaski,pitkowskif@intramed.net
ChristianPaetzel,cp2002@tonline.de
MilosPesek,pezek@fnplzen.cz
JoaquinPoteux,jpotel@usc.es
RenbingPan,35275635@qq.com
YuPengPeng,634019694@qq.com
LiYongPu,puliyong@njmu.edu.cn
XuePing,xueping@sohu.com
LinPeng,pengl@21cn.com
BaogangPeng,pengbaogang@medmail.com.cn
YunlongPan,tpanyl@jnu.edu.cn
VikramBPatel,vikramb@gmail.com
ANagenaPrasad,npnp@gmail.com
SunilRPrajapa,sunilprajapati007@yahoo.co.in
EdgarPanga,empmd2001@yahoo.com
MarieAnPasion,nettepas@yahoo.com
MengxiaoPan,pmx_1990@sina.com
HuangPing,huangpingdoctor@163.com
NarottamDPuri,narottam.puri@fortishealthcare.com
ProfWilsonMPa,wm.pollara@uol.com.br
NandkumarVasige,nandupinge@yahoo.co.in
ProfNarenaPandya,narengeeta@gmail.com
AianoFrancisco,utr@uol.com.br
RameshBPatel,ravisurgical@rediffmail.com
PSPanneerselvam,info@smrft.org
KrishnapadaPra,pradhan@cal2.vsnl.net.in
NakkanaPremana,Pnaana@Yahoo.com
Puruhito,puruitok@indo.net.id
KumarKishorePal,Kumarkpal@hotmail.com
NarenaKumarPan,narena.pandey@gmail.com
AZameerPasha,zameeir@yahoo.com
MrsNirmalaPipara,pipara@yahoo.co.in
Resurrecambao,docrtq@yahoo.com
HaixinQian,qianhaixin1@hotmail.com
XiaofengQian,docqxf@163.com
ZhuyinQian,Qianzhusilver@163.com
XihuQin,qixihu@126.com
YudongQui,yudongqiu510@163.com
JianguoQu,qujianguo0724@126.com
HongguangQuan,zhang_j_y@live.cn
SajadMajidQa,sajadmajidqazi@yahoo.co.in
VanesaMaraQ,vanesaquin1978@hotmail.com
HaiXinQian,qianhaixin1@hotmail.com
RiuHaoQin,qrh_cary@sina.com
XiHuQin,qinxihu@126.com
PengQi,qp0636@sina.com
JianQian,neptune_qj@126.com
JianjieQin,qinjianjie@njmu.edu.cn
XiaoFengQian,qianxiaofeng@njmu.edu.cn
LuJunQin,qinlujun@sina.com
HuangQiang,hq_sohu@sohu.com
JunQian,sonieboy82@gmail.com
ChuanpingQian,qcp163@163.com
HonggugQuan,zhang_j_y@live.cn
YonghuQuan,lsquanyonghui@sina.com
KuyimpilotRaj,rgkuyimpilot@hotmail.com
MACSRajenan,macsrajenan@gmail.com
ProfAdelFRamzy,ramzyadel2008@yahoo.com
RajaSubbaRao,rsrao110@rediffmail.com
TVenkataKRao,rao@mmdsoftech.com
JohnLRemus,Jlremus@tbaytel.net
BNNirvaniRao,prashanthbn@vsnl.com
PrivDozHBReit,bernd.reith@klinikumkonstanz.de
BelimaccaSRah,bilimaga@gmail.com
VGRamesh,vgramesh@hotmail.com
KRamaprasada,krpreddyfics@yahoo.co.in
ThambirajJosam,jrthambiraj@gmail.com
VaddadiKamesao,kameshwarvaddadi@gmail.com
PSVenkateshRao,psvrao@gmail.com
ClementSRajan,csr149@gmail.com
RamaswamyRajan,rrajen@asianetindia.com
KRajasekaran,macsrajenan@gmail.com
PolaSubbaSub,polasubbarao@hotmail.com
TVRamesh,tvramesh@yahoo.com
SwarajRajbhari,srajbhandari@nthp.org.np
NatarajanRiah,rajadoctor@hotmail.com
JuanCarlosRueda,ruedachimenojc@yahoo.es
Carlofredfentes,crizzo@anahuac.mx
JudeRoigues,roiguesjude@hotmail.com
SurajSJBRana,ranasg@wlink.com.np
MaurizioRodio,mrodi@tin.it
KunjoorGiridharaRao,kgrao@yahoo.com
BeateRau,beate.rau@charite.de
MRamakumar,ung2020@yahoo.com
AnesLuisRigon,_anesrigoni@yahoo.com
HectorRoldan,hectorroldan@cogeco.ca
MohamedNayad,_nabil_q8@yahoo.com
LouisJeanRoy,louisjeanroy@msn.com
RamonRibuMD,monribu@yahoo.com
GustavoARoldn,gustavorcastillo@hotmail.com
ArielRiveraAi,arivera@hospitalcima.com.
PrashanthPRao,prao2@yahoo.com.in
Govindapanicthan,govindaravi@hotmail.com
MarcosRoiguetin,marcosrodmar@wanadoo.es
HarchandaniRd,har2002@vsnl.in
RudiJuwana,rudi@indosat.net.id
JorgeRosaSans,rsantos@ipolisboa.minsaude.pt
NandaKRajaneesh,nrajaneesh@yahoo.co.in
SatishRajaRao,sastishrrao@gmail.com
BiagioRavo,biagioravo@tiscalinet.it
RenoRudiman,renorudiman@yahoo.com
ProfIgnatiusto,riwanto@yahoo.com
JuanSalvadorez,jknma_78@hotmail.com
DaniloTRamilo,danramilo_doc@yahoo.com
MahenaSRohatgi,rohatgis@optusnet.com.au
GhulamMurtazn,murtazaran@yahoo.com
ErlindaRabe,erly43@yahoo.com
RuelAugustuso,ruel_reniedo@yahoo.com
MaTeresitaRes,terine_reyes@yahoo.com
ReneAianRololla,renelailla@hotmail.com
RobertoManuelRosa,_rm@yahoo.com
HugoAntoniomo,hugorojasperdomo@hotmail.com
NeryEmilioRazzano,nerey98@rieder.net.py
JorgeLuisRamirez,joramire@ips600.py
IngridMRovin,imroiguezs@yahoo.es
RubenRojasMaz,rurojasm@hotmail.com
PabloDanielRez,pabloraan@yahoo.es
ZoranRajkovic,zrajkovi@gmail.com
BesarionRevali,rbesarion@yahoo.com
RoshanThapaRhi,roshantr@hotmail.com
AAhameafi,rafishakhi@yahoo.co.in
RPaulRaj,paulraj2006@yahoo.co.in
GRajenan,rahenan_govindan1@rediffmail.com
PRajenan,raj_v20@yahoo.com
RRajesh,rajeshmaharaju@yahoo.com
SudhaRamakris,gangasudha@gmail.com
KRamalingarRao,krrao@ghelty.co.in
DilipRavalia,ravalia55@yahoo.com
DamirRosko,damir.rosko@gmail.com
EdwinRamirez,edwincesar2000@yahoo.com
SyedAbbasRRizvi,abbasrizvi@gmail.com
BSachidananai,bsrai11@yahoo.co.in
JianRen,renjiahs@163.com
ZeqiangRen,rzq0805@189.cn
SanjayKRanade,sanjay82ms@yahoo.com
AlkaSanjayRade,alkaranade@hotmail.com
MaheshRao,maheshrao07@yahoo.co.in
PadmasenVRangbagle,padmasen19@gmail.com
MuharramSyahRambe,syahramber@yahoo.com
RonyRustam,p.ronyrustam@gmail.com
TheoAdolfRompas,seahealth09@gmail.com
BrotosariRahayu,brotosari.finacs@gmail.com
PardameanRitonga,p.sitonga@hotmail.com
RedmalRedmal,redmalcitoroez@yahoo.com
AdiRastono,auns@gmail.com
RynaldyRynaldy,rjoesman@yahoo.com
RobertRieuwpassa,rcwooleyrieuwpassa@yahoo.co.id
RudyantoRudyanto,ru_bed@yahoo.co.id
ProfRudolfRoka,rudolf.roka@wienkav.at
DhanBahadurRanaMagar,dhanrana@hotmail.com
SagarRajkarnikar,sagarraj111@yahoo.com
CelesteInesRivarolaGamarra,celeriv_7@hotmail.com
HolgerRupprecht,holger.rupprecht@klinikumfuerth.de
AtifRafique,entatifrafique@gmail.com
MariaJoseRoiguezGutierrez,amarijose28@hotmail.com
JilendarRawat,rawatjd@yahoo.com
SuryawanshRajena,_spravin@hotmail.com
BandikatlaRatman,bvratman@emirates.net.ae
JianRen,renjianhs@163.com
JavierRuizBarea,jruizbarea@gmail.com
FidelRuizHealy,fhealy@starnet.net.mx
CharlesAlanRoyes,Croyes@cwjamaica.com
RamonRamiPorta,rramip@terra.es
KRajenan,chairmankr@yahoo.com
KRamadev,ramadev@yahoo.co.in
MichelRobert,MRobert@wanadoo.fr
TatiniRamabrahmam,rbtatini@yahoo.com
ErnstLFBRaaymakers,fam.raaymakers@planet.nl
SomenathSRoy,somenath.sinharoy@rediffmail.com
RavishankarRamaRao,ruparao23@hotmail.com
EinollahRouhi,katayounr@hotmail.com
Riaoomi,riaoomi@hotmail.com
KARathnasabapathy,angson60@yahoo.com
ChristianReer,Chrireu@datacomm.ch
CharlesHenrer,charleshenri.ruegsegger@hopitalduchablais.ch
NaronkRodwarna,rodwarna@loxinfo.co.th
RafaelRomeroGa,rrg1957@hotmail.com
UlisesRoiguezWa,ulisesyguez@prodigy.net.mx
RichardDaviosin,rdaviosin@gmail.com
ArnaldoRosenthal,a.rosenthal@uol.com.br
SultanAliSadiq,sasadiq@rediffmail.com
CarlosSanchezBao,csbasurto@mastologica.com
SudhakarMSane,sudhakar_sane2345@yahoo.com
MrsUshaBharaSaa,ushasaraiaya@hotmail.com
MrsKarunaSahdeo,karunashahdeo@gmail.com
KoEngSoanSuwdi,suwanko@singnet.com.sg
PannaLalSah,plsdnh@dte.vsnl.net.in
AlokShritava,alokshrivastava9385@gmail.com
SwapanKumar,p.anusha.priyanka@gmail.com
RajeevSinha,sinha_rga@yahoo.co.in
RakeshPrastava,rpsbko@gmail.com
JunichiSakamoto,sakamjun@med.nagoyau.ac.jp
UeliStucki,stucki.ueli@bluewin.ch
TTShanmugalu,ttsvelu@rediffmail.com
MohanVasantSni,kmft.hospital@vsnl.net
RajeshCShah,rcshah@gmail.com
RajGovindSharma,rajraj1@sancharnet.in
AjitSaxena,ajitsaxena@hotmail.com
BhollaSinghSu,bssidhu@gmail.com
ShaileshAShah,kidneyline@gmail.com
MrsAnjuSingh,singh.a@doctor.com
AnilKumarSarda,aksarda@rediffmail.com
SatishKumarSha,sumit_shukla2003@yahoo.co.in
PavelSebesta,pavel.sebesta@homolka.cz
AlfredSchramek,schramek@bezeqint.net
SarvaselanRES,sayampa@gmail.com
SiavoushSehhat,ssehhat@hotmail.com
KazuoShirouzu,skazuo@med.kurumeu.ac.jp
ParvezSheikh,Parvez_sheikh@hotmail.com
PeddireddiVenka,pvs@yahoo.com
AshutoshSharan,ashutoshsharan@gmail.com
Dhairyasheel,dhairya@gmail.com
ShaileshHasmukh,shailesh_14264@yahoo.com
ShyamKumarSaraf,sksaraf36@hotmail.com
SudeepSarkar,sudeep_sarkar@hotmail.com
VikramDulervi,vikram_anghivi@yahoo.com
RudigerSmeka,ruediger.smektala@ruhrunibochum.de
HVShivaram,hvshivaram@gmail.com
NabihSader,nsader@destination.com.lb
ArkanSamSayedNoor,arkansam@yahoo.com
KenichiSugihara,ksugi.srg2@tmd.ac.jp
ProfKonrmmle,konrad.e.schwemmle@kirumed.unigiessen.de
MarkShawnSkinner,caxamalka@bigpond.com.au
MrsKumkumSingh,kum_singhajm@yahoo.co.in
MohinderSingh,mohindersingh_98@yahoo.com
SusumuSatomi,ssatomi@bureau.tohoku.ac.jp
MakotoSasaki,sasakim@myad.jp
JojiSekine,georges@net.nagasakiu.ac.jp
WalidSaghir,saghir@cyberia.net.lb
AtmoSumartoSuo,p.sunaryo_spot@yahoo.com
YogenaPrasadSingh,yp_singh@hotmail.com
LStam1ty,l.stam@asz.nl
KVAlalaSundar,alalasundaram@hotmail.com
KallakuriVenk,entsuri@yahoo.com
YotaroShinozawa,sinozawa@gonryo.med.tohoku.ac.jp
YasuyukiSugiyma,sugi@cc.gifuu.ac.jp
MoUsmanShaikh,alzahra@alzahra.com
JuiTienShih,jui_tien_shih@hotmail.com
FranciscoMus,fmsaid@hotmail.com
SevellarajaSup,sselia@gmail.com
JahangirSarwar,jsk@hotmail.com
JoseFernando,jofesyq@yahoo.com
AnilSharma,a_sharma1@vsnl.com
SheetalSingh,singhsheetal@yahoo.co.in
RSukumar,suku@eth.net
ShekharSuradkar,highwayhospital@hotmail.com
SergioSantos,docsergs@my.smart.com.ph
JesusSisonJr,jsjmd101@yahoo.com.ph
MohElSayedFShams,meshams25@gmail.com
MohamedShams,meshams2005@gmail.com
NoriakiSakuragi,sakuragi@med.hokudai.ac.jp
ToruSugiyamasua@iwatemed.ac.jp
BimalKumarSinha,bimal@healthnet.org.np
MohammedJakh,jafs@yahoo.com
LiliaSantos,ljmsantos@yahoo.com
AngelJaviillo,angelsoxcar@hotmail.com
EricSaratan,esaratan@yahoo.com
LaliSekhon,sekhon@spinenevada.com
ChandaShrivastni,nmc@nmcth.edu
SanuMaiyaSha,sanumaiyashrestha@hotmail.com
GunaKumarShstha,princess@mail.com.np
AaratiShah,aarati@mail.com.np
UttamKumama,usharma007@hotmail.com
BRSathyakhna,brsk@gmail.com
PradeepSharma,geetanjaliip@eth.net
AnandAShroff,shroffeye@vsnl.com
MrsAbhaSingh,ajab_2k@yahoo.com
RangnathSangle,ameya_sangle2000@yahoo.com
MohanSharma,sharmamohan2002@yahoo.com
ASomaraju,raja7576@yahoo.com
KoichiShimizu,kicshimizu@jcom.home.ne.jp
SaraPaulaSerra,gamarocha@mail.pt
ARoshanShetty,shetty4949@gmail.com
KaramSingh,_karam52@yahoo.co.in
SuparbSumranwong,dujduan_s@hotmail.com
ProfPrabirRupta,prsen@streamyx.com
GolamSamdani,samdani@btcl.net.bd
SakamotoTaro,sakamoto634@yahoo.co.jp
MakiSugimoto,sugimoto@med.teikyou.ac.jp
YoshihisaSaida,yoshisaida@nifty.com
ShunsukeShibuya,sshibuya@f7.dion.ne.jp
RajenaKashipi,rkshimpi@vsnl.net
ESivakumar,entsiva@gmail.com
MohamedAhmed,mhdsalama@googlemail.com
RuiSilvaSantos,rpenha@sapo.pt
NouvalShahab,nouvalshahab@yahoo.com
AchmadSantosa,rkbjatiwinangun@yahoo.com
AtilaSezgin,atillasezgin@gmail.com
SanjaySaraf,saraf@hotmail.com
SuguruSawada,susawadagi@umin.ac.jp
FranciscoSousa,fjvsa@clix.pt
VishalkumarShelat,vgshelat@rediffmail.com
ShekharShivram,sssalkar@yahoo.com
KartikSaxena,kartiksaxena@yahoo.co.in
PrafullaKumar,prafullasingh@gmail.com
MariaGuadalupe,amariavargas@yahoo.com.mx
BlesildaRSalvador,raulvador@yahoo.com
JuanSoriaJr,soriahoms@yahoo.com
KenichiSakurai,sakuraik@fd6.sonet.ne.jp
HusseinSafar,hsafar@hotmail.com
MatthiasOladein,molshoga@yahoo.com
JunSasaki,junshuku@zoo.email.ne.jp
MaJuanitaLaarniSabig,mjldsabig@yahoo.com
ArthurSalido,artsalido@yahoo.com
EmmanuelVitor,eversantos_md1966@yahoo.com
GadiNathanSor,gadinathansorilla@yahoo.com
GraceMarieSor,grace_gupana@yahoo.com
PrudencioStaLucia,jz_stalucia@yahoo.com
LatifaShamsud,shumi@bangla.net
YoshinobuSum,sumiyama@med.tohou.ac.jp
FrankPSchulze,_frank_schulze@hotmail.com
AtsunoriSugita,freshland@mail.goo.ne.jp
RebecaSalerno,rebecapintos@hotmail.com
RosaIreneSanch,rosa.sanchez75@yahoo.es
RooseveltIsaias,rstanleypy@hotmail.com
GabrielDLSembra,gabymd2003@yahoo.com
AdilRashidShah,rashid_adil@hotmail.coom
ChanderShekhar,ceess1985@gmail.com
JatinderSingh,sjatinder64@yahoo.co.in
GovindGSinghal,singhalgg@yahoo.com
AlokSund,avimukta@rediffmail.com
AlexanderDSunad,alexdan1983@gmail.com
RamiroFSalazar,miro_salazar@hotmail.com
TatsuoShimura,tatsuoshimura@gmail.com
JosipSamardzic,josip.samardzic@gmail.com
KyawSwa,kyawswa05@gmail.com
MerineSeyoum,seyoumkassa@gmail.com
HaithamShareef,haithamalgizy2004@hotmail.com
MaherFouadSef,mahersefein@gmail.com
SulaimanShant,sulaiman03@gmail.com
SimSengKeat,sengkeatsim@gmail.com
TamilselvanSiva,siva74@doctors.org.uk
SameerSardesai,sameersardesai@hotmail.com
HarithaSagili,harithas@hotmail.com
SSaradha,saradha_ns@yahoo.co.in
VSaravanan,vsaravanan@gmail.com
VSelvaraja,vselva@yahoo.com
SachitSharma,sachitsharma@yahoo.co.uk
DevenaKumarSh,dev_shiwich@yahoo.co.in
VPragasamSrip,Sripriya.pragasam@gmail.com
MSundar,p.msundar@yahoo.com
MACSRSurenan,shenhosp@yahoo.com
SungKiSu,lilacblc@naver.com
OladapoSunday,daposotiloye@yahoo.co.uk
AbubakarDanjuma,adsalisu@yahoo.com
ModupeolaSamai,mamak97@yahoo.com
AtsushiShimizu,atsus28@wakayamamed.ac.jp
HirohideSato,hirohide@msn.com
SukhvinderSingh,_saggums@yahoo.co.in
RakeshSharma,docrakesh@gmail.com
HarjinderSinghSidhu,amrithospitalmoga@gmail.com
RikkiSingal,singalrikki@yahoo.com
ArvindKumarS,aks1@sancharnet.in
AmarbirSingh,amarbir_65@rediffmail.com
AmarjitSingh,amarjit00717@gmail.com
GurinderSingh,gurinderprince@hotmail.com
BirgitStecke,birgit.steckelberg@tonline.de
HarbantSingh,harbantsingh@hotmail.com
JasdeepSingh,jasdeep1@rediffmail.com
RanaRanjitSin,gurveen@gmail.com
SarabjitSingh,sarabvineet@yahoo.co.in
LalitSinghania,lalit002@gmail.com
GurvinderSingh,gun@hotmail.com
HiderahuShimi,hideharumaki@gmail.com
WenyuShao,eastshao@hotmail.com
MeipingShen,nj_shenmp@sina.com
LizongShen,shenlz@163.com
KunShi,shikun006@126.com
ZinShi,shixined@126.com
KaiwangShi,kaiwangshi@163.com
YiShi243,chxiay@yahoo.com.cn
YanSi44,980249125@qq.com
YuemingSun,Jssym@vip.sina.com
ChanavadanB,parikh.h@yahoo.com
DhansukhBShah,dbs@vsnl.com
KhaledSaeedAl,_alaghbary@hotmail.com
LaxmanSSalve,slaxman@yahoo.co.in
MaheshBSambhus,maheshsambhus@gmail.com
PankajVSarode,maaherhospital@yahoo.co.in
RajeshKShukla,rajurutu@yahoo.co.in
RajinderSingh,rajinder@gmail.com
SohelDawoodShaikh,shaikhsohel@yahoo.com
NakulSShah,shahnakul@gmail.com
RahulRShelke,rahulshelke77@yahoo.co.in
AtulSamaiya,atu111@rediffmail.com
MaheshBSinn,sinnarkar@yahoo.co.in
KanaiyalalKS,skanaiyalal@gmail.com
HenryHamonanga,HENRY.SITANGGANG@yahoo.com
GunawanSembing,Gunawan@yahoo.com
EriksonSiagian,eriksonsiagian@yahoo.com
SoelihantoSo,antosoetoyo@yahoo.com
HadianSetia,hadian@indonet.id
TumpakSimatupan,p.Tumpak@hotmail.com
IWayanSutama,wynstm@yahoo.com
SuyantoSuyanto,p.suyanto@yahoo.com
SutedjoSutedjo,oSutedjo@gmail.com
SudarsonoSudono,sudarsonosukirman@yahoo.com
PaulusSugiarto,paulus_sugiarto@yahoo.com
BambangSuprapto,stephen_bbg@yahoo.com
AsepUsmantosa,Sukarsa@hotmail.com
EdySupriyanto,edosurg@gmail.com
AgusSupriadi,agus_supriadi66@yahoo.co.id
DarmonoSoedargo,darmonosoedargo@ymail.com
RoySimamora,roy@yahoo.com
SuparmonoSyer,sps_@ymail.com
MaruhumNusa,maruhumnusaputrasimamora@yahoo.com
DwiHeriSusatya,dwiherisusatya@yahoo.com
PanusunanSibing,pans_surgeon.co.id
TotoSantoso,bedah_rsutasik@yahoo.com
RaymondAnewSakul,anew_sakul@yahoo.com
AdityaDavsa,adsantosa_surgeon@yahoo.co.id
AnthoniusSuwanto,p.Suwanto@yahoo.com
AnnaUnziaPSuawal,anna_unzia@yahoo.com
SetyoSugiharto,setyosugiharto@yahoo.com
IMadeAgusSuasna,agatska@yahoo.com
Parlindungang,psitanggang@yahoo.com
IdaBagusPSaya,pramana_idabagus@yahoo.co.id
IvanHenaSudarm,iv.surgery@yahoo.com
VettyUliRSian,silabanvettyuroida@yahoo.com
ShahrilShahibu,shahrilshahibuspb@gmail.com
HeruSulistyo,nildafwa@yahoo.com
JohnyHenilahi,Henilahi@yahoo.fr
MashertSimansong,mashertman@yahoo.com
AchmadSoehaimi,Soehaimi@hotmail.com
PrayogaSantosa,Santosa@gmail.com
BambangSupriyono,Supriyono@yahoo.com
IGustiSumantri,ngurahsumantri@yahoo.com
MuchamadSubakah,moch.subarkah@yahoo.co.id
PramonoSargo,pramsargo@yahoo.co.id
BambangSoegto,honglay@hotmail.com
PrihadiSantosa,imamsantosaprihadi@yahoo.co.id
BennoSyahbana,benno_syahbana@yahoo.com
HerrySubijanto,herry_wardhani_soebijanto@yahoo.com
DjokoSanjoto,djokosuhud@hotmail.com
SuhardiSuhardi,tan_suhardi@yahoo.com
SahudiSahudi,sahudisurg@yahoo.co.id
HermanSusilo,herman_surgeon@yahoo.co.id
JosefSoenarta,jsoenarta@yahoo.com
UmarSaleh,UmarSaleh@hotmail.com
AmalSembiring,amal_sembiring@yahoo.com
RemsonSihombing,remsonsihombing@yahoo.com
AlhaliqShzscha,his_md@yahoo.com
MachmudSurjanto,machmudsspb@yahoo.com
EbenSitorus,ebenstrs@gmail.com
FranciscusSoe,franciscus_soetanto@yahoo.com
DwiSusilo,haridwi@yahoo.com
KamaruddinSaid,kamaruddin_pare@yahoo.com
BudiSetyadi,b.setyadi@yahoo.com
WahyuSuprio,wshx@cheuron.co.idnilawatyketaren@yahoo.co.id
WidianantoSan,widi54n@gmail.com
IsmantoSoem,anna_unzia@yahoo.com
TimbangSimtak,timbang.m.simanjuntak@gmail.com
SagiranSagiran,gus_gir@yahoo.co.id
HenrySitompul,sitompul@yahoo.co.id
SoedirmanSoan,soedirman_spb@yahoo.com
SaniSundana,ekwarso_d@yahoo.co.id
BambangSupriyo,Supriyo@hotmail.com
TeguhSuryanto,teguhsryt@yahoo.com
TjahyonoASigit,sigit.tjahyono@gmail.com
HarrySugiarto,harry_soegiarto@rocketmail.com
JosephSaragih,joseph.saragih@yahoo.com
SuudSantoso,sus_pabi@yahoo.com
DadikSubiyanto,dsb_pabi@yahoo.com
SwapnilAmitSigh,swapnil.amit.singh@gmail.com
BarhamSalih,lasbarham@yahoo.com
AssocProfler,jiri.siller@nemocnicepardubice.cz
ChiungChiShen,shengeorge@yahoo.com
MuhammadShamim,surgeon.shamim@gmail.com
LuisAntonioada,elperro@hotmail.com
KoichiSuda,kosuda@nifty.com
RyokoSasaki,rsasaki@md.tsukuba.ac.jp
DesmondSoares,des.soares@internode.on.net
BozenaSuvova,suvovabozena@seznam.cz
MariaSpyrou,mspyrou@libero.it
TimSchulz,tschulz@siloah.de
MirzaSaeed,mirzafaraz@yahoo.co.uk
EloyAlejanLanda,esotelo@msn.com
NikolaosSaratzis,nicos_saratzis@yahoo.com
LuisErickezTrejo,p.ericksantillan@hotmail.com
LunHuaShao,yeshaohua@163.com
YeSheng,mirjordansy@gmail.com
ZhiLiShen,otga@sina.com
LiangYuShen,121724791@qq.com
FangLongSong,692295582@qq.com
JiRongShi,alansjr@gmail.com
JianguoSun,347822234@qq.com
ShuTongShen,jshmsst@live.cn
KaiSang,heixia720@163.com
LinJieSi,421687132@qq.com
LiuShi,adamkathy2@gmail.com
PengSun,330118406@qq.com
GuoPingShan,shangp2008@sohu.com
JunShen,973697008@qq.com
YanSi,980249125@qq.com
BinShen,bshen1979@sohu.com
GaoyangShi,376683777@qq.com
LizongShen,shenlz@163.com
BeiChengSun,sunbc@njmu.edu.cn
XiaojieSun,docsunxiaojie@163.com
YangSu,suyang_1973@163.com
Suddhasattn,sss_surg@yahoo.com
VinodShaily,shailyvinod@yahoo.com
AnujKumarShma,aksharma77@rediffmail.com
MaheshSShetty,maheshshetty@yahoo.co.in
DevenaSingh,devena_sin2002@yahoo.com
LakhvinderSingh,lakhipa@yahoo.com
XiaodongShan,sxd_2012@yahoo.com.cn
GuoyiShao,shaoguoyi98043@yahoo.com.cn
HaiyanShen,827315568@99.com
XianbiaoShi,dani20040510@gmail.com
ChuangSong,songchuang518@163.com
FeiSong,sf770714@sina.com
XinghuaSun,542835612@qq.com
GovindNSharma,gns5@yahoo.com
PSivalingam,pslinjam2005@yahoo.co.in
ColHarBhajagh,_hbsingh@rediffmail.com
HarnamSingh,_harnam@hotmail.com
KrishnaNPSiha,knpsinha@rediffmail.com
MrsSuneetiSa,knpsinha@rediffmail.com
SooPheowSng,sngsoopheow@gmail.com
VidyaPSood,vpsood@soodnasalfoundation.com
SongwutSochart,songwutclinic@yahoo.com
VandyckNevesDira,VN.silveira@uol.com.br
PeterJSpirig,peter.sprrig@solnet.ch
ArikathSrinian,arikathsrinivasan@yahoo.com
KisaburoSakaa,Sakakidak@aol.com
CodandaKSubb,p.subbaiah@yahoo.co.in
TSSubbiah,subbiah_ts@dataone.in
PSukumaran,psulu1@vsnl.com
Karuppiahpiah,suppiahsoci@hotmail.com
SukantKumarkar,currentmedicaltrends@yahoo.co.in
KanwarPrasingh,kpsingh@yahoo.com
KPSubramaniam,Tigersara@gmail.com
GunaSittalam,gunasittampalam@hotmail.com
AshokKSharma,p.sharmaptk@gmail.com
AVSangamnerkar,p.arvind@sangamnekar.com
VinayakNagesde,kishorshrikhande@gmail.com
KSShekar,smarh@blr.vsnl.net.in
MShantharam,shettyortho@hotmail.com
InaDSharma,idmshasrma@yahoo.co.in
KrishnaMSingh,kmsinghurologist@yahoo.co.in
MasakatsuSgawa,sunagawa@dokkyomed.ac.jp
Varadhacharsan,sriniv52@hotmail.com
Massimviano,saviano@unimo.it
OdairDeAlmeidaos,oastas@uol.com.br
IthamarNogueichero,.ithamar@uol.com.be
MissTKSahi,tksahi@gmail.com
FrancisSomville,francissom@hotmail.com
VidyutchaGShah,viduy_ura@yahoo.co.in
SubodhRanjanSa,srsaha246@gmail.com
PravinSambhajiSavant,.pravinsavant@gmail.com
JeanFrancoisd,jeanfrancois.schmid@gmail.com
CarlosJoseSaboya,c.saboya@uol.com.br
Preechaworn,trauma_siriraj@hotmail.com
WilliamAbaad,saadwa@uol.com.br
ManoelMariatos,mmpsantos@cultura.com.br
SyedIshratShakir,ishratsyed@mac.com
ErnestoRSanach,eforgach@gmail.com
AvinashNivSupe,Avisupe@gmail.com
JagadishChaha,jcsaha@gmail.com
KrishanPalSingh,surgeonshall@yahoo.com
RanBahadurRSingh,ranusingh2000@yahoo.com
KunwarKSingh,Ortho@candw.ag
AmryTriyono,at_surgeon@yahoo.com
JackyTumelly,tumelly@gmail.com
TaufiqTaufiq,taufiq_nugroho@lycos.com
Tarmizi,p.tarmizi@yahoo.co.id
KurniawanTitis,titis.kurniawan@valeinco.com
RudiTubagus,tubagus@yahoo.fr
JanFrederikTae,FrederikTa@hotmail.com
HarijadiTawan,harijaditawan03@yahoo.com
MTambah,MTambah@yahoo.com
TagorOliverTan,OliverTambun@hotmail.com
CosmasTriaswho,cosmasgora@yahoo.com
AdisSelmaTorR,addistones@hotmail.es
TaichiroTsu,taichirotsunoyama@yahoo.co.jp
KasumiTatsumi,kasumi@med.shimaneu.ac.jp
ChaoYangTang,chaoyang@126.com
JianQiangTang,doc_tjq@hotmail.com
ProfKenTakasi,kent504@yahoo.co.jp
KokKongTan,kktan48@pacific.net.sg
KeithWhittonTang,Rcotang@ciojamarea.com
RusticaOTTans,chess0312@yahoo.com
NenaETan,novaeye@skyinet.net
MichelTimmeans,fa453997@skynet.be
CliveALivingsmas,clivethomas@yahoo.com
NobuhikoTaniga,sur001@poh.osakamed.ac.jp
ShigekiTakashima,sigekit@kanazawamed.ac.jp
MasayaTakao,iclinic@chospjsdf.go.jp
ChinKeongTho,thock@singnet.com.sg
AbbasTaher,_naseralhaq@hotmail.com
YoshikiTakashi,yoshit5214@jcom.home.ne.jp
NoriakiTanaka,ntanaka@cc.okayamau.ac.jp
SeiichiTakenita,takenoss@fmu.ac.jp
VeTandan,vtandan@mcmaster.ca
MiroslavTvrdek,tvrdek@fnkv.cz
GiaTomadze,giatomadze@globalerty.net
GaborTitkay,secret@freemail.hu
SImkongTushiAo,sita1935@rediffmail.com
SeikiTashiro,tashiro@shikoku.ne.jp
JaiNienTung,sltung@ms.sltung.com.tw
YasunobuTka,info@gpro.com
ProfMarioTeini,mario.testini@tin.it
YoshiakiTsuji,tsuji.ys@asakuramed.or.jp
HiromitsuTsida,hiromitsu@seijunkai.or.jp
TadatoshiTakma,takayama@med.nihonu.ac.jp
SusumuTanji,stanji@iwatemed.ac.jp
RowenaArleneCon,jat@mozcom.com
KiyoshiTakaish,takaishiityou@mvd.biglobe.ne.jp
VicenteTecsonI,firefox2002ph@yahoo.com
LuisTorresII,lstorresiii@hotmail.com
OmPrakashTantia,omtantia@gmail.com
AneTan,Ane.tan@nmsclinic.com
SherifTawfeek,sherif@tawfeek.freeserv.co.uk
DawSawThein,sawthein@gmail.com
LouisFranckeque,tlmq15@yahoo.com
MarcoAntonioro,materan@prodigy.net.mx
RoseAJMKatleenzy,kthermezy@yahoo.com
HeeraTuladhar,hera@mail.com.np
SarahKathrynTn,sarahk_44@hotmail.com
JaideepTitoria,jtitoria@yahoo.com
AlbertTonga,sosure@bigpond.com
MohammadTezval,mahyartezval@yahoo.com.de
PeterJohnTrey,PJ.Treacy@bigpond.com
KokFunTham,thamkf@singnet.com.sg
AntonioTaes,taveira.gomes@gmail.com
YantoSandyTjang,ystjang@aol.com
TohruTezuka,tezuka@med.teikyou.ac.jp
YongSengTan,tanys01@singnet.com.sg
IsmailCengiy,cengizt@baskentank.edu.tr
MayClaireRTady,jclairenan@yahoo.com

