alwaysruth1995,alwaysruth1995@hotmail.com
amirah_nazri,amirah_nazri@hotmail.com
annikax1_,annika@wayn.com
annsue58x1_,annsue58@hotmail.com
anoopkanth,anoopkanth@hotmail.com
anshikachand,anshikachand@hotmail.com
anson_yh92,anson_yh92@hotmail.com
ansumanadukuly,ansumanadukuly@yahoo.com
aowjiarong,aowjiarong@hotmail.com
apple_felicia,apple_felicia@hotmail.com
apple_girl0123,apple_girl0123@hotmail.com
aprana_062,aprana_062@hotmail.com
aprecolex1_,aprecole@hotmail.com
aqiillah,aqiillah@hotmail.com
aqua_pigx1_,aqua_pig@hotmail.com
arab87x1_,arab87@india.com
archana_kali,archana_kali@hotmail.com
aries_ilurveyou,ariesbaby_ilurveyou@hotmail.com
arissaardianty,arissaardianty@yahoo.com.sg
arjun_bryan_kishore,arjun_bryan_kishore@hotmail.com
arlowsimpeishi,arlows.im.peishi@hotmail.com
aruna_lim34,aruna_lim@yahoo.com
aryalranjan,aryalranjan@hotmail.com
aseduintx1_,aseduint@hotmail.com
ash_biox1_,ash_bio@hotmail.com
ash2006xw,ash2006xw@hotmail.com
asher_ruth,asher_ruth@yahoo.com
ashleysewell,ashley.sewell@hotmail.com
asigdelx1_,asigdel@msn.com
asimwe_2040,asimwe_2000@yahoo.com
Asito3x1_,Asito3@telefonica.net
askgarage,askgarage@yahoo.com
assistMbaex1_,assistance@veteranlove.com
audrinlow1x1_,audrinlow123@yahoo.com.sg
auraviale2,auraviale2@hotmail.com
axpt1thereal,axpt1@hotmail.com
aylinustguney22,aylin.ustguney22@hotmail.com
ayuni_coolgal,ayuni_coolgal@hotmail.com
ayuuunix1_,ayuuuni@hotmail.com
azmoz91x1_,azmoz91@hotmail.com
aznangel2002,aznangel2002@hotmail.com
babeangel_95,babeangel_95@hotmail.com
baby_shermaine11,baby_shermaine11@hotmail.com
babyangelloveit,babyangelloveit@hotmail.com
babyhartts,babyhartts@hotmail.com
babypanda789,babypanda789@hotmail.com
babypiglet_cutie,babypiglet_cutie@hotmail.com
cherisgoh,cherisgoh@yahoo.com.sg
cheryl_1995,cheryl_1995@hotmail.com
chesnachin,chesnachin@hotmail.com
chikumolloyd,chikumolloyd@yahoo.com
chin_qe12,chin_qe@hotmail.com
chin30533,chin305@hotmail.com
chingyih88888888,chingyih88888888@hotmail.com
chintan_dhungel,chintan_dhungel@hotmail.com
chinwei1095,chinwei1095@hotmail.com
chiwawa2,chiwawa2@hotmail.com
chloelittle995,chloelittle995@hotmail.com
choclattie_choc,choclattie_choc@hotmail.com
chocobaberocks,chocobaberocks@hotmail.com
chocolatepig,chocolate.pig@hotmail.com
chocolate548,chocolate548@hotmail.com
chocsfreaksme_fiza,chocsfreaksme_fiza@hotmail.com
chong1337,chong1337@hotmail.com
choochristabel,choochristabel@hotmail.com
chrischew50,chrischew50@hotmail.com
christine_tan95,christine_tan95@hotmail.com
christinejeremiah,christinejeremiah@hotmail.com
christopsteven1998,christopher_steven1998@hotmail.com
chronicles_sky,chronicles_sky@hotmail.com
chuarenjie,chuarenjie@msn.com
chuayuanting,chuayuanting@hotmail.com
chy_chan88,chy_chan88@126.com
cinthy_power,cinthy_power@hotmail.com
clara1_wong,clara1_wong@hotmail.com
claricebutterfly,claricebutterfly@hotmail.com
clarisa837940,clarisa837940@yahoo.com
clay_aiken_200693,clay_aiken_200693@hotmail.com
clazzrepz,clazzrepz@hotmail.com
cleric_mage45,cleric_mage45@hotmail.com
clover_lover_94,clover_lover_94@hotmail.com
club_penguin_man,club_penguin_madness@hotmail.com
coconania,coconania@hotmail.com
colourfulcandycane,colourfulcandycane@hotmail.com
comexp123,com.exp@mumbaicustoms.gov.in
comicsking_93,comicsking_93@hotmail.com
commr_exp23,commr_exp@mumbaicustoms.gov.in
commr_gen41,commr_gen@mumbaicustoms.gov.in
commr_imp32,commr_imp@mumbaicustoms.gov.in
commr_prev42,commr_prev@mumbaicustoms.gov.in
contaclessman,contact@mashable.com
converse_white,converse_white@hotmail.com
cookemenacefcb,cookemenacefcb@hotmail.co.uk
coolboi307,coolboi30@hotmail.com
coolhaz_964,coolhaz_96@hotmail.com
coolmat_954,coolmat_95@hotmail.com
copelandemmanuel,copelandemmanuel@yahoo.com
cowboy_swift,cowboy_swift@hotmail.com
cpiocco4x_,cpio.cco@mumbaicustoms.gov.in
cpiocomadjudi4x_,cpio.com.adjudication@mumbaicustoms.gov.in
cpiocomappeal,cpio.com.appeal@mumbaicustoms.gov.in
craig4x_list,craig@veteranlove.com
crazylazygrac4x_,crazylazygracie@hotmail.com
crys_aastha,crys_aastha@hotmail.com
crystal_heart_18,crystal_heart_18@hotmail.com
csjw_8mast,csjw_8@hotmail.com
cuimei88mas0,cuimei88@hotmail.com
cute_babypie890,cute_babypie@yahoo.com.sg
cute_cuppycake96,cute_cuppycake96@hotmail.com
cute_girl_hy3,cute_girl_hy@hotmail.com
cutemingze_1998,cutemingze_1998@hotmail.com
cutez_haha45,cutez_haha@hotmail.com
cutie_chong,cutie_chong@hotmail.com
cutie_imah,cutie_imah@hotmail.com
cwscws234_,cws.cws@hotmail.com
cybergirl_v1997,cybergirl_v1997@hotmail.com
d3ath90d,d3ath90d@hotmail.com
dagonscepter,dagonscepter@hotmail.com
dahalsalik,dahalsalik@hotmail.com
daichki2234_,daichki@yahoo.com
damansondhi,damansondhi@hotmail.com
danzgaul14,dan.z.gaul@something.com
danxgaulo,dan@veteranlove.com
dannylo60294,dan60294@yahoo.com
dancefreak_jnlx,dancefreak_jnlx@hotmail.com
danger_motion123,danger_motion@hotmail.com
dangerozzy103,dangerozzy@hotmail.com
danial_liverpool3,danial_liverpool@hotmail.com
danish_syafiq1,danish_syafiq@hotmail.com
dareenpuff13,dareenpuff@hotmail.com
dark_kitty_26,dark_kitty_26@hotmail.com
darkzenz173,darkzenz@hotmail.com
darrelcbw657,darrelcbw@hotmail.com
darren_low_96,darren_low_96@hotmail.com
darren_tan_,darren_tan_@hotmail.com
darrenkoh567,darrenkoh@hotmail.com
darshe07567_,darshe07@yahoo.com
davidrusk57_,david.rusk@ahs.sa.edu.au
davidabigailrae,davidabigailrae@hotmail.com
dawn_lyw567_,dawn_lyw@hotmail.com
dbishop10356,dbishop103@darlenebishop.com
ddellzzi567_,ddellzzi@yahoo.co.nz
de_daredevil_,de_daredevil_@hotmail.com
deahauxiel567,deahauxiel@hotmail.com
dear_linda_akasyah,dear_linda_akasyah@hotmail.com
dearraghu567_,dearraghu@hotmail.com
deathawaits56_,deathawaits@hotmail.com
deepubhandari75,deepubhandari75@hotmail.com
della_myfasnpalace,della_myfashionpalace@hotmail.com
demonhairie567,demonhairie@hotmail.com
dennislee_82,dennislee_82@msn.com
dennisnicholls24850,dennisnicholls24850@msn.com
derick_yong,derick_yong@msn.com
deseang567_,deseang@hotmail.com
designcalori,design@homeplangroup.com
desmond_tan_93_,desmond_tan_93@hotmail.com
destinyat23_,destinyat23@yahoo.fr
dethb4disco456_,dethb4disco@hotmail.com
devilboi_xiaoboi,devilboi_xiaoboi@hotmail.com
emily_gerl94,emily_gerl94@hotmail.com
emir_hamzah555,emir_hamzah555@hotmail.com
emmylimxp_07,emmy-lim@hotmail.com
emotionallady_94,emotionallady_94@hotmail.com
end_sxp_07_,end_s@hotmail.com
eneexp_07_,enee@streamyx.com.my
enggvishn67,enggvishnu@hotmail.com
enimsaj_me7,enimsaj_me@hotmail.com
ercancamci16,ercancamci16@hotmail.com
ercancamci45,ercancamci45@hotmail.com
erictrapp_07,erictrapp_07@hotmail.com
erndhlovu73,erndhlovu@yahoo.com
ernest_1997,ernest_1997@hotmail.com
ernestvxp_07,ernestv@gllobal.net.mt
estdsffvxp_00,ernes2tv@global.net.mt
erra_kisha34,erra_kisha@hotmail.com
essalfarah5,essalfarah@yahoo.com
ethelyam545,ethelyam@yahoo.com
eunice_thiam,eunice_thiam@hotmai.com
eunice_yee54,eunice_yee@singnet.com.sg
european452,european@rigginglifting.com
euunmiie25,euunmiie@hotmail.com
evanzkiweewae,evanzkiweewae@yahoo.com
eveline_v_vliet1,eveline_v_vliet1@hotmail.com
eventsxp_07,events@mashable.com
evetan5xp_07,evetan5@yahoo.com.sg
ewellsxp_07,ewells@tntech.edu
fahrenheit_aaronc,fahrenheit_aaroncool@hotmail.com
faitxp_07h_8396,faith_8396@hotmail.com
fai34th_awsome85,faith_awsome85@yahoo.com
fai51th_girltz95,faith_girltz95@hotmail.com
fait5h_hengty,faith_hengty@hotmail.com
fait2h_wong_soke,faith_wong_soke_yee@hotmail.com
faithchan678,faithchan678@hotmail.com
faithohxp_07,faithoh@hotmail.com
fallendestiny35,fallen.destiny@hotmail.com
fan_fun5xp_07,fan_fun5@hotmail.com
fantasy_celine25,fantasy_celine@hotmail.com
fanyuan_love098,fanyuan_love@hotmail.com
farahain_hamid,farahain_hamid@hotmail.com
fastropxp_07,fast-rop@hotmail.com
fatin_danialxp_07,fatin_danial@hotmail.com
felicia_zhiling9,felicia_zhiling@hotmail.com
feliciawu_1995_,feliciawu_1995@hotmail.com
fergbusxp_07,ferg.bus@clear.net.nz
ff_raisha2xp_07,ff_raisha2@yahoo.com.sg
fifah_paradise96,fifah_paradise96@hotmail.com
fifi_fifah,fifi_fifah@hotmail.com
fiona_lee_92,fiona_lee_92@hotmail.com
fionachiwei,fionachiwei@hotmail.com
FireBurnDread,FireBurnDread@hotmail.com
firstsignofl0ve,first-sign-of-l0ve@hotmail.com
fitria_62xp_07,fitria_62@hotmail.com
flashash9xp_07,flashash9@hotmail.com
flip_mix634,flip_mix6@yahoo.com
foojanexp_07,foo.jane@hotmail.com
footprinarpint,footprint_starpint@hotmail.com
orch_2002_r,orch_2002@yahoo.com
overload_1989_r,overload_1989@hotmail.com
ozge383_r,ozge383@hotmail.com
p_chew_r,p_chew@hotmail.com
pandeyshankar_r,pandeyshankar@yahoo.com
parajuli2005_r,parajuli2005@hotmail.com
paris32116_r,paris32116@hotmail.com
parnpjaa_r,parnpjaa@hotmail.com
pathakgeminy_r,pathakgeminy@hotmail.com
patr_patu_r,patr_patu@yahoo.com
pattimace_r,pattimace@sbcglobal.net
paulfourhill_r,paulfourhill@hotmail.com
pcailing_r,pcailing@hotmail.com
pdm_subba2002_r,pdm_subba2002@yahoo.com
peacegianna_r,peacegianna@hotmail.com
pegas86_r,pegas86@mail.com
peishi216_r,peishi216@hotmail.com
peppermintgurl06_r,peppermintgurl06@hotmail.com
pethamster_r,pethamster-@hotmail.com
pets_lurver_r,pets_lurver@hotmail.com
philgvp_1995_r,philgvp_1995@hotmail.com
phoniex_darkness_r,phoniex_darkness@hotmail.com
phurke_r,phurke@hotmail.com
p1ggy_mitch95_r,piggy_mitch95@hotmail.com
p1ggygoh95_r,piggygoh95@hotmail.com
p1ggysleeping1_r,piggysleeping123@hotmail.com
piglet_en_r,piglet_en@hotmail.com
pingben_r,ping.ben@hotmail.com
pingen227_r,pingen227@hotmail.com
pink_apple_r,pink_apple@mail.ru
pink3ygal_r,pink3ygal@hotmail.com
pinky_dolfin_r,pinky_dolfin@hotmail.com
pinky_omek_r,pinky_omek@hotmail.com
poh_cynthia_r,poh_cynthia@hotmail.com
poh_jao_r,poh_ja@hotmail.com
pokka93_r,pokka93@hotmail.com
poonamdamak_r,poonamdamak@hotmail.com
poudeldeepak_r,poudeldeepak@hotmail.com
ppyuki123_r,ppyuki123@hotmail.com
prakash_baba_r,prakash_babacrazy@yahoo.com
pratiksharyal_r,pratiksharyal@hotmail.com
pratimaaryal_r,pratimaaryal@hotmail.com
pravalghimire_r,pravalghimire@hotmail.com
praveen_121_r,praveen_121@hotmail.com
precious_o_0_r,precious_memo_0808@hotmail.com
precious_pps_r,precious_pups@hotmail.com
preciousmmy_r,preciousmummy@hotmail.com
preetyshreha_r,preetyshrestha@hotmail.com
prem_sang_r,prem_sang@hotmail.com
pretzocheeze_r,pretzocheeze@hotmail.com
preuteulia_r,preuteulia@hotmail.com
pr1kyboy_twj_r,prickyboy_twj@hotmail.com
prideofagirl_r,prideofagirl@hotmail.com
princess_dyanah_r,princess_dyanah@hotmail.com
pricess_nat_r,princess_nat@hotmail.com
prieurnico_r,prieurnico@hotmail.com
priessfatin_r,princessfatin@hotmail.com
promotion_r,promotion@sutletgroup.com
proeriesgolf_r,proseriesgolf@worldonline.co.za
puffpuff_94_r,puffpuff_94@hotmail.com
puinicol_r,puinicol@hotmail.com
puja_shakya_r,puja_shakya@hotmail.com
pupiesrocks_r,puppies-rocks@hotmail.com
pwincess_pink97_r,pwincess_pink97@hotmail.com
qijie_futfe_r,qijie_futurewife@hotmail.com
qmin0604_r,qmin0604@hotmail.com
qqboi910_r,qqboi910@hotmail.com
quik_boi93_r,quik_boi93@hotmail.com
r_richy2221_r,r_richy2221@hotmail.com
r_seker61_r,r_seker61@hotmail.com
rabbit343_r,rabbit343@hotmail.com
rabisharma_r,rabisharma@hotmail.com
rabokom_r,rabokom@yahoo.com
rachaelgreen_r,rachaelgreen@hotmail.com
rachel_ang72_r,rachel_ang72@hotmail.com
rachel_tay1996_r,rachel_tay1996@hotmail.com
racon_brown_r,racon_brown@hotmail.com
radcev_r,radcev@ptt.yu
rafee90_r,rafee90@hotmail.com
rainbolphine_r,rainbow_dolphine@hotmail.com
rairwong_19_r,rainerwong_1996@hotmail.com
rainsnow_r,rainsnow@myself.com
rajuji_r,raj@sprc.org.np
rajanhere_r,rajanhere@yahoo.com
rajanupreti_r,rajanupreti@hotmail.com
rajsuru_r,rajsuru@gmail.com
rambabu920_r,rambabu92000@hotmail.com
ramizo123_r,ramizo123@yahoo.fr
ramulamjan_r,ramulama_bamjan@hotmail.com
ranchel_ljm_r,ranchel_ljm@hotmail.com
rani_cutiesfah_r,rani_cuties.fah@hotmail.com
rapezola_r,rapezola@hotmail.com
raudhah_tul_ja_r,raudhah_tul_jannah@hotmail.com
rautkishore_r,rautkishore@yahoo.com
rayow44_r,rayow44@hotmail.com
rbs2005_r,rbs2005@hotmail.com
rcashion_r,rcashion@tntech.edu
real_human1996_r,real_human1996@hotmail.com
realcourtney_r,realcourtney@yahoo.com
realitygerl22_r,realitygerl22@hotmail.com
rebecca_core_r,rebecca_underscore@hotmail.com
rebecitachi_r,rebeccaitachi@hotmail.com
redgurl_3_r,redgurlz_3@hotmail.com
reginakoh_1995_r,reginakoh_1995@hotmail.com
relitygirl_r,relitygirl@hotmail.com
rfceditor_r,rfc-editor@domain.hidden
rhiazzalolrhiazza_r,rhiazzalolrhiazza@hotmail.co.uk
richard_barker79_r,richard_barker79@yahoo.co.uk
richard_otim_r,richard_otim@yahoo.co.uk
rickyl2599_r,rickyl2599@hotmail.com
ridhwan_5_r,ridhwan_5@hotmail.com
ripcurl_gal321_r,ripcurl_gal321@hotmail.com
ripkaturk_r,ripkaturk@hotmail.com
robertmhango_r,robertmhango@yahoo.co.uk
rohitzghosh_r,rohit.z.ghosh@something.com
Roi_soleil_du_49_r,Roi_soleil_du_49@msn.fr
romeo_kaifa_r,romeo_kaifa@YAHOO.COM
rohelley_r,rose-shelley@hotmail.co.uk
rosharani_r,rosharani@yahoo.com
rosie_elinowen_r,rosie_elinowen@hotmail.com
roxy_girl79_r,roxy_girl79@hotmail.com
roxy948_mirah_r,roxy948_mirah@hotmail.com
rs_pigsy_r,rs_pigsy@hotmail.com
rupak007_r,rupak007@hotmail.com
rutssremedy_r,ruthlessremedy@hotmail.com
ruthlittle95_r,ruthlittle95@hotmail.com
sharlott_r,s.har.lott@hotmail.com
s0ccerk1lr_r,s0ccerkiller@hotmail.com
sabbyttw_r,sabbyttw@hotmail.com
saber_ken777_r,saber_ken777@hotmail.com
sabina_tan95_r,sabina_tan95@hotmail.com
sag_sameer_r,sag_sameer@hotmail.com
sagar_007np_r,sagar_007np@hotmail.com
sagun47_r,sagun47@hotmail.com
salesfd_r,sales@americaint.com
salesjkt_r,sales@audiobuys.net
salesdsds_r,sales@johnsplace.com
salespou_r,sales@linkbuildingsolution.com
salesukk_r,sales@websource.co.in
salesmj_r,sales@websourceasia.com.sg
salesmu_r,sales@websourcepacific.com
salinteprincess_r,salintonjadeprincess@hotmail.com
sallymfields_r,sally.m.fields@something.com
salpa77_r,salpa77@hotmail.com
sam_wordsab_r,sam_wordsab@hotmail.com
sammysamrat_r,sammysamrat@hotmail.com
samsonboy777_r,samsonboy777@yahoo.com
samuelckie_r,samuelgickie@gmail.com
samy_ang_r,samy_ang@hotmail.com
santoshla7_r,santoshlama7@hotmail.com
sarafina19_r,sarafina1995@hotmail.com
sarah_hqm_r,sarah_hqm@hotmail.com
sari_kc2000_r,sari_kc2000@yahoo.com
sashinsushi_r,sashiminsushi@yahoo.com.sg
saskia87_r,saskia@bluewin.ch
sassy_sister__r,sassy_sister_@hotmail.co.uk
satanic_boi91_r,satanic_boi91@hotmail.com
savimiss_r,savimiss@hotmail.com
scorpiopaz93_r,scorpion_topaz93@hotmail.com
scouden_r,scouden@pacbell.net
seahgchuan_r,seahengchuan@hotmail.com
seaweed_951_r,seaweed_951@hotmail.com
sechndsalih_r,sechilandsalih@hotmail.com
seek_love_r,seek_love@gala.net
seeonn1_r,seeonn1@hotmail.com
sentfromh3ll_r,sentfromhell07@aol.com
serena1993_r,serena1993@hotmail.com
serene0494_r,serene041094@hotmail.com
serenechen_r,serenechengg@hotmail.com
servic7tyyf_r,service@noreply.bebo.com
sevenp87g_r,sevenpigggys@hotmail.com
shahzadc_r,shahzadcti@gmail.com
shahzadil_r,shahzaddil@hotmail.com
shalik_rm_r,shalik_rm@yahoo.co.in
shandelzare_s0_r,shandelzare_silkwood_92@hotmail.com
shannonh_14_r,shannonh_14@hotmail.com
sharaakapriss_r,sharaa.k.a.princess@hotmail.com
sharlynnwu_r,sharlynnwu@hotmail.com
sharma_423_r,sharma_423@hotmail.com
sharmadeep007_r,sharmadeep007@gmail.com
sharon_ds_r,sharon_d.s@hotmail.com
shellehishoney_r,shelley_this-honey-likes-her-money@hotmail.co.uk
sherlam_43_r,sherlam_43@hotmail.com
sherlynyow_95_r,sherlynyow_95@hotmail.com
sheryl817_r,sheryl817@hotmail.com
sheryl8koh_r,sheryl8koh@hotmail.com
shi_jie_510_r,shi_jie_510@hotmail.com
shiihuii11_r,shiihuii11@hotmail.com
shobu_27_r,shobu_27@hotmail.com
shootingstar_2_r,shootingstar_2005@hotmail.com
shopaholic_r,shopaholic@hotmail.co.uk
shoryo_suxx_r,shoryo_suxx@hotmail.com
shubhakama853_r,shubhakamana853@hotmail.com
shyam_shundar_r,shyam_shundar@hotmail.com
silenaindrops_r,silent.raindrops@hotmail.com
sillycupid_hx_r,sillycupid_hx@hotmail.com
silwalraju51_r,silwalraju51@hotmail.com
simon143_me_r,simon143_me@hotmail.com
simuhwezi2004_r,simuhwezi2004@yahoo.com
singapore_7_r,singapore_7@hotmail.com
sinyane_r,sinyane@gmail.com
sitsharmila08_r,siti_sharmila08@hotmail.com
siuying1995_r,siuying1995@hotmail.com
sk8er_jia_r,sk8er_jia@hotmail.com
small_jo2000_r,small_jo2000@yahoo.co.uk
smileyy_jan_r,smileyy_jan@hotmail.com
sndp_kool_r,sndp_kool@hotmail.com
snehasneha1_r,snehasneha1@hotmail.com
snoopyjas_r,snoopyjas@hotmail.com
snowangel2303_r,snow-angel-2303@hotmail.com
Solodoboro_r,Solodoboro@aol.com
solomonworkar_r,solomon.workar@gmail.com
sonam_baller_r,sonam_baller@hotmail.com
sonamfine_r,sonamfine@hotmail.com
sophia4566_r,sophia4566@hotmail.com
sorang363_r,sorang363@hotmail.com
sozai7115_r,sozai7115@hotmail.com
spikesnoop_r,spikesnoop@hotmail.com
spikeymikey_33_r,spikeymikey_33@msn.com
spongeybabygal_r,spongeybabygal@hotmail.com
sretan_pu_r,sretan_pu@wp.pl
srk_sujan_r,srk_sujan@hotmail.com
sse_r,sse@websource.co.in
ssekanjako2008_r,ssekanjako2008@yahoo.com
ssry_blink182_r,ssry_blink182@hotmail.com
star_rox_1995_r,star_rox_1995@hotmail.com
starrybreezy_r,starrybreezy@yahoo.co.jp
starvingpeon_r,starvingpeon@hotmail.com
staryieboutyuu_r,staryyskyy_craziieboutyuu@hotmail.com
staycool_95_r,staycool_95@hotmail.com
steffi_yip_r,steffi_yip@hotmail.com
stephanie_lawwei_r,stephanie_lawweiqi@hotmail.com
stevestephe_r,steve@dlendinggroup.com
steve0rourke_r,steve0rourke@something.com
sth_ritu_r,sth_ritu@hotmail.com
still2get88_r,still2get88@hotmail.com
stingray_587_r,stingray_587@hotmail.com
strawberry_ki_r,strawberry_kissme@hotmail.com
subash_hancy_r,subash_hancy@hotmail.com
subashgttam_r,subashgauttam@hotmail.com
subba80_r,subba80@msn.com
subedinami_r,subedinamita5@gmail.com
sucrebonbon_r,sucrebonbon@hotmail.com
sudamm2x_r,sudamm22x@yahoo.com
sudikshya_1_r,sudikshya_123@hotmail.com
sudip_pkr_r,sudip_pkr@hotmail.com
sujat899_r,sujata@hotmail.com
sujata53_r,sujata_453@hotmail.com
sukritibaniya_r,sukritibaniya@hotmail.com
sumi_tamang_r,sumi_tamang@hotmail.com
sunakhari_4u_r,sunakhari_4u@yahoo.com.sg
superkoujrelf_r,superkillerelf@hotmail.com
superman577373_r,superman577373@yahoo.com
surena_grg_r,surena_grg@hotmail.com
sureshrana23_r,sureshrana23@hotmail.com
susankayman_r,susan.kayman@something.com
susanavirginis_r,susana.virginis@something.com
svz29895_r,svz29895@hotmail.com
swan_53_r,swan_53@hotmail.com
swd_r,swd@websource.co.in
sweetcute_nikit_r,sweet_cute_nikita@hotmail.com
sweethimas_chims_r,sweetchimas_chimsi@hotmail.com
sweetgurl_gp_16_r,sweetgurl_gp_16@hotmail.com
sweetprati_r,sweetprati@hotmail.com
sweetysha__r,sweetysha_@hotmail.com
swiss_issy_r,swiss_issy@hotmail.com
syahsyah_05_r,syahsyah_05@hotmail.com
syazwany_95_r,syazwany_95@hotmail.com
sylvaniansilove_r,sylvaniansilove@hotmail.com
sylvia__95_r,sylvia__95@hotmail.com
syntax03_r,syntax03@hotmail.com
tabsdavid_r,tabsdavid@yahoo.com
taintedx3_r,tainted-x3@live.com.sg
talticia_r,talticia@hotmail.com
tamang_biresh_r,tamang_biresh@hotmail.com
tamyra05_r,tamyra05@hotmail.com
tan_yingjin_r,tan_yingjin@hotmail.com
tanhanzhou_r,tanhanzhou@hotmail.com
tararegmi1_r,tararegmi1@hotmail.com
tatianasantos79_r,tatianasantos79@yahoo.com.br
tech_r,tech@rigginglifting.com
teddy_sophia_r,teddy_sophia@hotmail.com
tej_nv_r,tej_nv@hotmail.com
teoxm91_r,teoxm91@hotmail.com
tesh_rocks_r,tesh_rocks@hotmail.com
TewSweet10_r,TewSweet10@aol.com
th3_finalez_r,th3_finalez@hotmail.com
thaisgp_r,thaisgp@singnet.com.sg
thaising267_r,thaising267@hotmail.c
thakursantu_r,thakursantu@hotmail.com
thamsooklai_r,thamsooklai@hotmail.com
thapaliausha_r,thapaliausha@hotmail.com
thapaliausha_r,thapaliausha@yahoo.com
the_anu_r,the_anu@hotmail.com
the_pincher_r,the_pincher@hotmail.com
thefunkypimpet_r,thefunkypimpet@hotmail.com
thehunglan_r,thehunglan@vnn.vn
thepramita_r,thepramita@hotmail.com
thepunkfan_r,thepunkfan@hotmail.com
thepunkrocjiv_r,thepunkrocks_rajiv@hotmail.com
thocco_r,thocco@emalawi.com
thomas_loans_r,thomas_loans@yahoo.com
thupslama_r,thupslama@hotmail.com
thy_93_r,thy_93@hotmail.com
tiaraamalina_r,tiaraamalina@hotmail.com
tiffanytanmin_r,tiffanytanmin@hotmail.com
tiffanytqc_r,tiffanytqc@hotmail.com
time_r,time@hotmail.com
timokeb3_r,timokeb3@gmail.com
timothy4195_r,timothy4195@hotmail.com
tin_443_r,tin_443@hotmail.com
tinez_zenith_r,tinez_zenith@hotmail.com
ting_qwer_r,ting_qwer@hotmail.com
ting_qwer_r,ting_qwer@hotmail.com
ting_ting93_r,ting_ting93@hotmail.com
titanium_punk_r,titanium_punk@hotmail.com
tj_kunta_r,tj_kunta@yaahoo.co.nz
tjessicoftun_15_r,tjessica_hoftun_15@hotmail.com
tomlzt_r,tomlzt@hotmail.com
tonitony_r,toni@veteranlove.com
tonnykwa_r,tonnykwa@yahoo.com
toocozidane_r,toocoolzidane@hotmail.com
toran_35_r,toran_35@hotmail.com
totayfrked_r,totally-freaked@hotmail.com
trading_r,trading@sutletgroup.com
tris288_r,tris288@hotmail.com
tryphena_wong_r,tryphena_wong@hotmail.com
tsewang2002_r,tsewang2002@hotmail.com
tshekisherpa_r,tshekisherpa@hotmail.com
tuckseng_r,tuckseng@myway.com
tuti_princess_r,tuti_princess@msn.com
tuuli3010_r,tuuli3010@yahoo.com
tvs6200_r,tvs6200@hotmail.com
un_atren_r,un_atren@hotmail.com
unam_eai_r,unam_eai@hotmail.com
uncleargal_r,uncleargal@hotmail.com
undiscovered76_r,undiscovered76@gmail.com
unforable_smile15_r,unforgettable_smile15@hotmail.com
unhapgiirl_csl_r,unhappiegiirl_csl@hotmail.com
unik_galz_r,unik_galz@hotmail.com
unikue_r,unique@hotmail.com
uniqkue01_r,unique01@hotmail.com
unikue02_r,unique02@hotmail.com
uniquke03_r,unique03@hotmail.com
unikque07_r,unique07@hotmail.com
uniqkue1_r,unique1@hotmail.com
uniquke100_r,unique100@hotmail.com
unkique103_r,unique103@hotmail.com
unkique104_r,unique104@hotmail.com
uniqkue105_r,unique105@hotmail.com
uniquek106_r,unique106@hotmail.com
uniqkue108_r,unique108@hotmail.com
unikque11_r,unique11@hotmail.com
uniqkue110_r,unique110@hotmail.com
unikque12_r,unique12@hotmail.com
unkique18_r,unique18@hotmail.com
unikque21_r,unique21@hotmail.com
EzawaShuichi_r3_,gentsuki_de_flying807@yahoo.co.jp
ItaruEndo_r3_,endoit807@med.yokohama_cu.ac.jp
SafwatMohamHoseny_r3_,safwatdrd807@yahoo.com
MueiadhElHassany_r3_,mueiad807@gmail.com
SabriElBanna_r3_,Saelbanna807@gmail.com
Chuan78WeeFong_r3_,fongcw807@yahoo.com.sg
HamishMcartster_r3_,hfossurg807@bravo.net.au
Edgar78Frei_r3_,edgar.frei807@bleewin.ch
Bessam78_Farjo_r3_,bessam807@farjo.com
IsaiasoFretate_r3_,ricardof807@rieder.net.py
KenichiFuruya_r3_,furuyac807@nifty.com
MerleGFloreno_r3_,mgf_md807@yahoo.com
KenhiroFukuda_r3_,fukuda807@koto.kpu_m.ac.jp
Jack78_Fidler_r3_,jackfidler807@gmail.com
Jose78_Fragata_r3_,josefragata807@iol.pt
Chang78_LimFoo_r3_,foochanglim807@yahoo.com
DanielToGragoso_r3_,danieltorres807@mexico.com
AdetoOFawamwo_r3_,legiree807@yahoo.com
IdowuOluseFadebi_r3_,idowufad807@37.com
PatrkAdyoFalola_r3_,bajofalola807@hotmail.com
MarJosephFloreo_r3_,marflorentino807@yahoo.com
LanaRocierreira_r3_,roferreira78807@hotmail.com
CarAntanoFariios_r3_,cesarfarina807@yahoo.com
Satoshi78_Fukuda_r3_,safukuda807@med.hokudal.ac.jp
Giulia78_Falasco_r3_,giulianofalasco807@hotmail.com
Julian90_Famil_r3_,julianfam807@yahoo.com
Tdf90_Fadil_r3_,farizalfadil807@yahoo.com.sg
ErjanFikri34_r3_,erjan.fikri807@yahoo.com
JurnHannFriedrich_r3_,j.friedhrich807@t_onliine.de
ProfDiegoFoschi_r3_,diego.foschi807@unimi.it
VictorTaiWengFan_r3_,victorfan807@orofacialsurgery.com.sg
YeJan90_Fan_r3_,docfanye807@gmail.com
YuYo90_LinFu_r3_,fuyulin123456807@163.com
ZhengD43ongFang_r3_,fangzhengdong807@176.com
Xie90_loFang_r3_,xiefang1983807@gmail.com
Shao90_Feng543_r3_,taysmile807@yahoo.com
WeiMin90_Fang_r3_,fwm3660063807@163.com
Ying90_FanYang_r3_,surgeonfanying807@yahoo.com.cn
JamesMclerguson_r3_,DOCFERG807@ALIBERNI.NET
TomoakiFujioka_r3_,tomof807@iwate_med.ac.jp
Haim90_Frizis_r3_,ch_frizis807@hotmail.com
GennaroFabiano_r3_,gfaniano807@chirges.uniba.it
DattaVGaitonde_r3_,drgaitonde807@yahoo.com
JH90_Ghodke_r3_,drjhghodke807@mtnl.net.in
RN90_rGhosh_r3_,rathindranath807@yahoo.com
KantiKGiri43_r3_,kanti807@healthnet.org.np
MakramTadroGhali_r3_,drmakramt807@yahoo.com
AndreasGlattli_r3_,glaettli807@bauchchirurgie.ch
KM90_Gandhi_r3_,drsgandhi807@rediffmail.com
Guram84Gvasalia_r3_,molhospital807@gmail.com
AmitabhGoel43_r3_,goelamitabh807@hotmail.com
DelmerMGensolin3_r3_,dmgensolin807@yahoo.com.ph
RajeshGujarati_r3_,gujarati807@sancharnet.in
KanwarSinghGoel_r3_,dr.kanwarsinghgoel807@rediffmail.com
SharadGGogate_r3_,sharad.gogate807@gmail.com
Mohan90_Gupta_r3_,drmohangupta807@gmail.com
FerdinandGomezMD_r3_,dinandhoneegomez807@sky_net.ne
Geeta90_Gurung_r3_,gurunggeeta807@hotmail.com
Dinesh90_Garg_r3_,dinesh_retina807@sify.com
DavidM90_Gawler_r3_,dgawler807@westnet.com.au
VirgiaSGonzzGes_r3_,vsg.gomes807@clix.pt
MitraNdGairola_r3_,mitragairola807@gmail.como
VijaySinghGhora_r3_,ghorawatv807@gmail.com
Sourab90_hGoel_r3_,saurabhdr08807@gmail.com
Pravin90_JGupta_r3_,drpjg807@yahoo.co.in
ArvindKumarGupta_r3_,dr.arvindgupta1957807@yahoo.co.in
MamukaGoletiani_r3_,giatomadze807@global_erty.net
AlexanderGvazava_r3_,t_gvazaba807@yahoo.com
FernandoGomesRosa_r3_,fernandogrosa807@netcabo.pt
VishalVishwanathG_r3_,VimmiVishal807@yahoo.co.uk
FernaoIvanGuereo_r3_,doctorivan807@hotmail.com
CarmcitaOGotauco_r3_,doctorcogotauco807@hotmail.com
ChukLretoGarciaIV_r3_,chuckloreto807@yahoo.com
RamonGonzalez_r3_,ragnjog807@yahoo.com
AbidoyeGbadegesin_r3_,gbade2000807@yahoo.com
SulnAyindedegesin_r3_,drgbadegesin807@yahoo.com
SulenOlayiwaGiwa_r3_,laigiwa807@yahoo.com
JoreAlfredrciaTay_r3_,dr_jorgegarciatay807@yahoo.com
RizaldoRoseteGons_r3_,rizgonzalesmd58807@yahoo.com.ph
MoisesGranada_r3_,mgranada807@online.net.ph
SangoAdolfoGarano_r3_,sagarcia70807@hotmail.com
caachoandjd_r3_,caacho807@hotmail.com
Eduardo90_Gonzalez_r3_,laacho807@hotmail.com
LoudesJGzalezZarza_r3_,louginzar807@hotmail.com
BlasF90_Gonzalez_r3_,blasgz807@hotmail.com
LusRicardoGonzSan_r3_,supersayan2007807@yahoo.com
WilfredoGabaton_r3_,gabaton807@yahoo.com
LakhanSinghGalav_r3_,dr.lsgalav807@rediffmail.com
Seema90_Garg_r3_,mkl_grg807@rediffmail.com
King90_Ghandi_r3_,kingghandi807@yahoo.com
NicolozGvakharia_r3_,nvg69807@mail.ru
JstonGnanaraj_r3_,johnstongnanaraj807@hotmail.com
Naresh90_Garg_r3_,dr_nareshg807@yahoo.com
J90_Gnanaraj_r3_,jgnanaraj807@gmail.com
KG90_ovindaraj_r3_,trygvn807@gmail.com
SyedSajidMehdGhias_r3_,sajidmehmood95807@yahoo.com
TarielGamkrelid_r3_,taro55807@posta.ge
NunuGaklidzeShvili_r3_,nanissonana807@yahoo.com
Junve90_Gao_r3_,gjy1215807@tom.com
Wentao90_Gao2_r3_,gao11807@hotmail.com
Heng90_faGe_r3_,gehengfa6011188807@163.com
Dianh90_uaGu_r3_,gdh0822807@sina.com
Yuan90_longGu_r3_,wxgdyzx807@yahoo.cn
ShantaramDGulve_r3_,dr.gulve.s807@gmail.com
ManojHoGandhi4_r3_,gandhihospitalpune28807@gmail.com
PMGonipath2_r3_,dgopinath807@yahoo.com
fGiuseppeGuriero_r3_,guerrieroderm807@libero.it
ConcepcionGracia_r3_,garciaconcepcion59807@yahoo.com
Eddy61_Gurito_r3_,aguritno2008807@gmail.com
AshrafGhobrial_r3_,srekoja807@yahoo.com
CristianGraganielo_r3_,cristian.neuro807@gmail.com
OsmarGarceteGonzal_r3_,osmargarcete807@hotmail.com
LuisEGianniMo_r3_,eliasgianni16807@yahoo.com.ar
WalterEberlbertR_r3_,waltergr2009807@hotmail.com
EstebanAndresGuae_r3_,esteban_guaglianone807@hotmail.com
SoniaFabiolaGuerez_r3_,rowitoshi807@hotmail.com
Adnan61_Gul_r3_,adnangul807@hotmail.com
FrancescoGuarnieri_r3_,guarnieri807@mclilnk.com.it
SavasGrigorias_r3_,grigo807@auth.gr
LevanGogiavili_r3_,generalsurgery807@newhospitals.ge
HHui61_Geng_r3_,czgh807@sina.com
JieMing61_Gong_r3_,jackygjm807@hotmail.com
Shiming61_Gu_r3_,freeman3721807@126.com
Gao61_Fei43_r3_,gaof1877807@163.com
Yu61_YingGan_r3_,yuyinggan807@126.com
Qin61_HaoGuo_r3_,guoqinhao911807@163.com
Zhufeng61_Gao_r3_,gaozhufeng870612807@163.com
Rui61_Geng_r3_,gengrui880420807@gmail.com
YuHing61_Ge_r3_,sygeyuhing807@tom.com
JianFengGong_r3_,gongjf03807@yahoo.com.cn
Hong3GengGuan_r3_,2yh870112807@163.com
Yunjie88_Gu_r3_,vintagelu807@126.com
Guo88_YuGao_r3_,dggy6807@yahoo.com.cn
ZhiXiang88_Guo_r3_,gzxsxy807@163.com
Wentao88_Gao_r3_,guo11807@hotmail.com
Feng88_Guo_r3_,guofeng907807@sina.com
JavaidAhmedGanai_r3_,drjavaiiduri807@yahoo.com
Rajat88_Goel_r3_,goelrajat27807@gmail.com
Lin88_Gao5_r3_,jymygl7218807@163.com
Chen88_Guo5_r3_,jssym807@vip.sina.com
LiangyuanGeng_r3_,cmugly807@126.com
YvesJulienGuisan_r3_,Yvesguisan807@sapphire.gi
SailendraNathGomi_r3_,goswamisailendra807@yahoo.com
NeilSI5Gordon_r3_,nsig807@cairns_urology.com.au
AshokG3Gondhalear_r3_,ashok_gon807@yahoo.com
TomoyukiGoya_r3_,goya807@muj.biglobe.ne.jp
LuisGGolcherRuiz_r3_,luisggolcher807@ice.co.cr
Vinod88_Goyel_r3_,suryaeye.india807@gmail.com
Milos88_Hajek_r3_,milos.hajek807@uvn.cz
MosheHashmonai_r3_,hasmonai807@inter.net.il
YoshikiHiki_r3_,hiki_u.genossin807@dream.com
ChristianTHegelma_r3_,hegelmaier807@t_online.de
WolfgangHerz_r3_,herzog7363807@aol.com
MichaelNYHoe_r3_,mnyhoe807@hotmail.com
BrigMuhammausain_r3_,sajidhossain807@hotmail.com
KoichiHirata_r3_,a.narita807@sapmed.ac.jp
DominikHeim_r3_,dominik.heim807@spitalfmi.ch
HiroyukiHirasawa_r3_,hhirasawa807@faculty.chiba_u.jp
JoaquimHenrique_r3_,joahen807@mail.eunet.pt
HoynckPapedrecht_r3_,hoynck807@cybercomm.nl
SenHiraizumi_r3_,sen_hiraizumi807@pref.iwate.jp
MasafumiHioki_r3_,hioki807@nms.ac.jp
Sheng88_PoHao_r3_,shengpo807@adm.cgmh.org.tw
ChaturaHongsapras_r3_,info807@sukumvithospital.com
Mahmoud88_Habib_r3_,mhabib67807@yahoo.ca
Ashr3afUlHuq_r3_,kazal64807@yahoo.com
OwenHeisler_r3_,oheisler807@shaw.ca
SumatilalTHemani_r3_,drhemani807@hotmail.com
GurshinderSinghHara_r3_,drgshara70807@yahoo.com
Dildar3Hussain_r3_,docdildar807@yahoo.com
Marcel88_Hajek_r3_,hayek.m807@seznam.cz
LtColPrasanKHota_r3_,hota.dr807@gmail.com
EbereEnochHarbor_r3_,ebereharbor807@yahoo.com
MMuinul88_Hafiz_r3_,drmmhafiz807@yahoo.com
fMehmetAHaberal_r3_,rektorluk807@baskent_ank.edu.tr
PratapSinghHardia_r3_,dr.pshardia807@mantrafree.net
HakobyanSargis_r3_,seroge777807@yahoo.com
MarcoAntonHernandez_r3_,marioperez807@sanatoriodurango.com
Thomas88_Hausner_r3_,thomas.hausner807@aon.at
HectorHerreraCabrol_r3_,rolandpy807@gmail.com
PabloRigoHerebiaCabr_r3_,prhc13807@yahoo.com.ar
SomashekVHiremath_r3_,drsomashekharhiremath807@yahoo.co.in
BorisHreckovski_r3_,boris.hreckovski807@vip.hr
CevahirHaberal_r3_,rektorluk807@baskent_ank.edu.tr
RyotaHiguchi_r3_,higuchi807@ige.twmu.ac.jp
Maj88_riHari_r3_,shreesir807@yahoo.com
ManzurulHaque_r3_,drmanzur07807@yahoo.com
KumarHariRajah_r3_,kharirajah807@yahoo.com.my
Yibi88_ngHua_r3_,huayibing807@yahoo.sina.com
ShaikhAftabHussain_r3_,docaftab807@yahoo.com
AlirezaHamidhromi_r3_,alirezahamidian807@yahoo.com
Christopher88_Ho_r3_,chrisckho2002807@yahoo.com
Antoine3Halepian_r3_,antoinehalepian807@gmail.com
Wij88_oyoHadi_r3_,drhadispb807@yahoo.co.id
Hardjanto46_r3_,drhardjantospb807@yahoo.com
HarmadaHutajulu_r3_,harmada.hutajulu807@gmail.com
HeriantoHutabarat_r3_,dem.herianto807@gmail.com
IswantoHendrawia_r3_,juvent_0168807@yahoo.com
BazatuloHia88__r3_,b_brosshia807@yahoo.co.id
SabasdinHarahap_r3_,ucokyk807@yahoo.com
NindyawanWaluyo_r3_,enindyawanwa807@yahoo.co.id
TommyHalauwei88__r3_,tommy_halauwei807@yahoo.co.id
SuprijadiHandoko_r3_,suprijadi.handoko807@gmail.com
SamsulHuda88__r3_,shd.spb62807@yahoo.com
SyariefHidayat_r3_,syarief_hid807@yahoo.co.id
YanuarHidayatmo_r3_,dryanuar807@yahoo.co.id
AdeodatusHandaya_r3_,yudahandaya807@yahoo.com
HernowoHernowo_r3_,Hernowo_sda807@yahoo.com
PirmaHutauruk_r3_,pirmah807@yahoo.com
MochamadHeriawan_r3_,hmocharif807@yahoo.com
AgusHaryanto_r3_,agussharyanto807@yahoo.com
Hakimansyimansyah_r3_,hakimansyah807@ymail.com
AchmadHaryanto_r3_,aasudarwin807@yahoo.co.id
Tiyanto88_Haris_r3_,haris.tiyanto807@yahoo.com
SetiawanHendra_r3_,hendrasetiawan_spb807@yahoo.com
TigorHutabarat_r3_,tigorhut807@yahoo.com
DrSupriyadiHandoko_r3_,suprijadi.handoko807@gmail.com
DrYuenHengWai_r3_,heng_wai_yuen807@cgh.com.sg
KarelHavlicekMD_r3_,karel.havlicek807@nemocnice_pardubice.cz
ArtHiranyakas_r3_,art.hiranyakas807@gmail.com
Rolf18_Hartung_r3_,rolfhartung807@hotmail.com
Elham18_Habeeb_r3_,drelhamalhabeeb807@yahoo.com
AmerAbdulRAHadi_r3_,amer_alani807@maktoob.com
YasirOMahmoudHain_r3_,yasirosman807@gmail.com
Shunich18_Harada_r3_,shunneurosurg807@iuhw.ac.jp
MohamedElhadiHen_r3_,mehusien807@hotmail.com
Dawei18_Hou_r3_,hou_dawei807@126.com
Shuai18_Hu_r3_,woshuai12jr807@163.com
Zhu18_Hong4_r3_,NJTCM1998807@163.com
HuPing18_Huang_r3_,yuyu8366807@sina.com
Shan18_BaiHu_r3_,syhsb807@163.com
Zeng18_JiaoHe_r3_,hezengjiaode807@163.com
Chen18_Hao_r3_,chenhao0550807@163.com
ZhaoXin18_Hu_r3_,276196051807@qq.com
Chang4JunHuang_r3_,hchjun807@qq.com
Jian18_DongHu_r3_,me_druid807@126.com
Yi33_Huang_r3_,564739677807@qq.com
JianFengHuang_r3_,jsczhuangjf807@163.com
Huanyu18_Hu_r3_,28196B56807@qq.com
HeHua18_ng_r3_,huanghe1971807@126.com
Zhen18_YuHe_r3_,hezhenyu1968807@163.com
Dongya18_Huang_r3_,jssyhdy807@yahoo.com.cn
Ping18_Huang_r3_,huangpingdoctor807@163.com
Xinli4Huang_r3_,huangxinli807@njmu.edu.cn
HeJie718_Hu_r3_,huhejie807@hotmail.com
Yir18_enHe_r3_,heyirensky807@126.com
WenshengHuang_r3_,hwsh2001807@gmail.com
Feng18_Huang_r3_,huangf73807@126.com
Jin18_YanHan_r3_,aqua0121807@163.com
RanendraHajong_r3_,ranenhajong807@gmail.com
Jiexx18_Hu_r3_,futhnew807@99.com
MaoshengHuang_r3_,vtman807@yahoo.cn
Ping18_Huang_r3_,huangpingdoctor807@163.com
XuboHuang_r3_,bopau807@163.com
DongliangHuang_r3_,huangdongliang8807@sohu.com
XiaohongHuang_r3_,hxhzhou807@163.com
MrsPilloezHakim_r3_,phakim807@mtnl.net.in
YasusukeHirasawa_r3_,yasuke807@hirasawa.org
AhmadAbdulHai_r3_,hmrindil807@sancharnet.in
ManuelOHuamanG_r3_,mhuaman807@urp.edu.pe
ProfNadeyHakim_r3_,nadey807@globalnet.co.uk
JuanRamonHernan_r3_,jurahh807@yahoo.es
EeroHirvensalo_r3_,Eero.hirvensalo807@hus.fi
HoiChin18_Hii_r3_,hiihc807@singnet.com.sg
combinMarkz1946,combination_p@gmail.com
c_apothisuk32,apothisuk@hotmail.com
c_mariorsch32,marionwebersch@gmail.com
c_rwabramitis32,rwabramitis@hotmail.com
c_monicatobon32,monicatobon@gmail.com
c_yeyo9932,yeyo99@gmail.com
c_catasuarezg32,catasuarezg@gmail.com
c_mchiquin32,mchiquin@gmail.com
c_carloo4532,carloo45@gmail.com
c_jduquetr32,jduquetr@gmail.com
c_douwework32,douwework@gmail.com
c_agusdonam32,agustincardonam@gmail.com
c_sarodgz32,sarodgz@gmail.com
c_enopaspr32,enopaspr@gmail.com
c_diegovagomez32,diego.villagomez@gmail.com
c_estiukar32,esti.ukar@gmail.com
c_vicvalencia132,vicvalencia1@gmail.com
c_davidmendi32,davidmendi@gmail.com
c_ruthmanj32,ruthmanj@gmail.com
c_danygarci32,danygarci@hotmail.com
c_gionovar32,gionovar@hotmail.com
c_kiforia32,kiforia@hotmail.com
c_saturcilla32,saturcilla@hotmail.com
c_belenmartinib32,belenmartinib@hotmail.com
c_b2_april32,b2_april@hotmail.com
c_azza999099932,azza9990999@hotmail.com
c_bigbuddak32,bigbuddak@hotmail.com
c_billwatson6632,billwatson66@hotmail.com
c_bionicone32,bionicone@hotmail.com
c_bituddy32,bite_me_buddy@hotmail.com
c_bjckson8232,bjckson82@hotmail.com
c_blas_jr32,blas_jr@hotmail.com
c_renieldriguez32,renielrodriguez@gmail.com
c_linaserranod32,linaserranod@hotmail.com
c_brianianrose32,brian.brianrose@hotmail.com
c_bryan_l9832,bryan_l98@hotmail.com
c_campbmickel32,campbell_mickel@hotmail.com
c_chains30132,chains301@hotmail.com
c_chaneelin32,chaneelin@hotmail.com
c_chrisiadous32,chrismiltiadous@hotmail.com
c_chrisn_s123432,christian_s1234@hotmail.com
c_cironaku32,cironaku@hotmail.com
c_clutch_332,clutch_3@hotmail.com
c_simo88032,simo880@live.com
c_corbin41332,corbin413@hotmail.com
c_d0ndieg032,d0ndieg0@hotmail.com
c_dannyb9532,danny.b95@hotmail.com
c_darreidgley32,darren_midgley@hotmail.com
c_david_social32,david-social@hotmail.com
c_davor4e32,davor4e@hotmail.com
c_denyee32,denyee@hotmail.com
c_denysstolte32,denysstolte@hotmail.com
c_deroletta32,derumy_violetta@hotmail.com
c_dereetress32,derekburress@hotmail.com
c_deweydoo32,deweydoo@hotmail.com
c_dkw993032,dkw9930@hotmail.com
c_dp_emcee32,dp_emcee@hotmail.com
c_efendisiz132,efendisiz1@hotmail.com
c_elektrkpost132,elektroniskpost1@hotmail.com
c_eurynome_99932,eurynome_999@hotmail.com
c_frankri555532,frankrizzo55555@hotmail.com
c_galindowork32,galindo.work@hotmail.com
c_gdragon881532,gdragon8815@hotmail.com
c_ghostly_me32,ghostly-me@hotmail.com
c_gream_200232,gream_2002@hotmail.com
c_hassaholy32,hassan_elkholy@hotmail.com
c_hktrooper32,hktrooper@hotmail.com
c_isj00132,isj001@hotmail.com
c_ivancelica32,ivancelica@hotmail.com
c_jabertamer32,jabertamer@hotmail.com
c_axelson32,axelson@gmail.com
c_bdesai232,bdesai2@gmail.com
c_bepicha32,bepicha@gmail.com
c_brendataylor32,brendataylor@gmail.com
c_brentmparker32,brentmparker@gmail.com
c_cd00332,cd003@gmail.com
c_chrispanotes32,chris.panotes@gmail.com
c_cpriyanki32,cpriyanki@gmail.com
c_cswingfield32,cswingfield@gmail.com
c_cynicalone32,cynical.one@gmail.com
c_damagic32,da.magic@gmail.com
c_danielmlund32,daniel.marklund@gmail.com
c_danswartz32,danswartz@gmail.com
c_davidjhsr32,davidjhsr@gmail.com
c_luis_gostavo32,luis_gostavo@live.com
c_dioncint32,dion.cint@gmail.com
c_dlmoney33332,dlmoney333@gmail.com
c_dpindra7732,dp.indra77@gmail.com
c_dskforfriendz32,dskforfriendz@gmail.com
c_dsmithsn132,dsmithsn1@gmail.com
c_egray932,egray9@gmail.com
c_elmo30432,elmo304@gmail.com
c_fish14trout32,fish14trout@gmail.com
c_fredenmicke32,freden.micke@gmail.com
c_fulaavispa32,fu.la.avispa@gmail.com
c_gjdmoore32,g.j.d.moore@gmail.com
c_giftdeath32,giftdeath@gmail.com
c_glennjoseph832,glennjoseph8@gmail.com
c_glaagar32,glaagar@gmail.com
c_got2btru32,got2btru@gmail.com
c_grabgain2day32,grab.a.bargain2day@gmail.com
c_gvgjoseph32,gvgjoseph@gmail.com
c_hypnobiz32,hypnobiz@gmail.com
c_iwuz1x132,iwuz1x1@gmail.com
c_fapilot2132,fapilot21@gmail.com
c_kingscount32,kingofdiscount@gmail.com
c_funn4ga32,funn4ga@gmail.com
c_brady119432,brady1194@hotmail.com
c_grantbenson32,grant.benson@hotmail.com
c_inightoflife32,intothelightoflife@hotmail.com
c_bdoverlaugh32,bdoverlaugh@gmail.com
c_hitlerruless32,hitler.ruless@gmail.com
d_rileyb4_i,riley.b@gmail.com
f_sierraxq_t,sierra.x@gmail.com
o_alyssa79_v,alyssa.7@gmail.com
m_destinyqt_w,destiny.q@gmail.com
r_amanda54_m,amanda.5@gmail.com
s_carteru9_5,carter.u@gmail.com
d_devonla_x,devon.l@gmail.com
r_leahv5_4,leah.v@gmail.com
z_daltonqe_j,dalton.q@gmail.com
q_brycet9_b,bryce.t@gmail.com
j_jadac7_d,jada.c@gmail.com
e_leonardo6h_w,leonardo.6@gmail.com
m_serenityag_0,serenity.a@gmail.com
x_landoni3_g,landon.i@gmail.com
p_melaniezj_t,melanie.z@gmail.com
a_carlosls_b,carlos.l@gmail.com
v_peterff_k,peter.f@gmail.com
p_valerielg_0,valerie.l@gmail.com
i_lydia4j_5,lydia.4@gmail.com
l_gavinp1_g,gavin.p@gmail.com
g_damiangl_z,damian.g@gmail.com
q_gisellet9_9,giselle.t@gmail.com
i_josiahnf_u,josiah.n@gmail.com
z_serenitynn_s,serenity.n@gmail.com
i_liame7_l,liam.e@gmail.com
j_genesish6_d,genesis.h@gmail.com
u_miguelxu_3,miguel.x@gmail.com
n_angelhx_6,angel.h@gmail.com
d_ethanww_m,ethan.w@gmail.com
t_mary93_o,mary.9@gmail.com
k_elijah4b_a,elijah.4@gmail.com
o_emmanuelxe_p,emmanuel.x@gmail.com
z_kaitlyn9n_k,kaitlyn.9@gmail.com
s_jackzf_b,jack.z@gmail.com
i_jayla08_2,jayla.0@gmail.com
w_jaydenrj_j,jayden.r@gmail.com
j_rachelhj_5,rachel.h@gmail.com
m_emmanueldq_z,emmanuel.d@gmail.com
u_elias0y_h,elias.0@gmail.com
c_laylav6_6,layla.v@gmail.com
i_julianrv_o,julian.r@gmail.com
g_christophergy_g,christopher.g@gmail.com
s_hayden0r_6,hayden.0@gmail.com
x_melissacl_k,melissa.c@gmail.com
m_garrettds_5,garrett.d@gmail.com
r_molly0b_r,molly.0@gmail.com
m_carsoncl_y,carson.c@gmail.com
j_ashton0j_j,ashton.0@gmail.com
h_bradley1y_b,bradley.1@gmail.com
z_angelicak0_d,angelica.k@gmail.com
d_gianna6z_0,gianna.6@gmail.com
j_ameliaoa_y,amelia.o@gmail.com
m_kaitlyncj_5,kaitlyn.c@gmail.com
q_vincentbo_x,vincent.b@gmail.com
l_crystal0m_h,crystal.0@gmail.com
n_jackm9_3,jack.m@gmail.com
i_kateb4_7,kate.b@gmail.com
e_morganep_g,morgan.e@gmail.com
a_jessicamt_w,jessica.m@gmail.com
b_shanemf_i,shane.m@gmail.com
u_rubyzv_0,ruby.z@gmail.com
a_laura5p_q,laura.5@gmail.com
l_jasmine6a_i,jasmine.6@gmail.com
b_tristan8l_p,tristan.8@gmail.com
l_kaitlynhz_k,kaitlyn.h@gmail.com
s_christopherks_b,christopher.k@gmail.com
d_manueljo_6,manuel.j@gmail.com
u_sethoo_x,seth.o@gmail.com
f_makenziewv_c,makenzie.w@gmail.com
a_lillyh6_y,lilly.h@gmail.com
t_colby5v_8,colby.5@gmail.com
w_shelby2r_t,shelby.2@gmail.com
e_joseph8k_o,joseph.8@gmail.com
b_aarony6_2,aaron.y@gmail.com
q_jackqb_e,jack.q@gmail.com
t_hailey5r_s,hailey.5@gmail.com
g_ameliarv_e,amelia.r@gmail.com
m_katiel6_a,katie.l@gmail.com
n_brianih_j,brian.i@gmail.com
q_george18_l,george.1@gmail.com
r_andresys_x,andres.y@gmail.com
y_brodytd_7,brody.t@gmail.com
f_lily6v_f,lily.6@gmail.com
p_riley85_0,riley.8@gmail.com
s_breannaee_x,breanna.e@gmail.com
n_peyton4u_r,peyton.4@gmail.com
u_melanieac_v,melanie.a@gmail.com
v_zacharywx_w,zachary.w@gmail.com
f_shelbyzn_6,shelby.z@gmail.com
p_evelynnes_7,evelynn.e@gmail.com
l_mayadf_k,maya.d@gmail.com
j_crystal7r_i,crystal.7@gmail.com
n_alexander0w_8,alexander.0@gmail.com
n_jacquelinea4_g,jacqueline.a@gmail.com
m_tiffanys6_7,tiffany.s@gmail.com
s_saraht_m,sara.h@gmail.com
u_landonw5_5,landon.w@gmail.com
p_patrickag_j,patrick.a@hotmail.com
p_sandersat_x,sanders.a@hotmail.com
u_martialaf_z,martial.a@hotmail.com
x_nathalieam_3,nathalie.a@hotmail.com
s_martialbg_p,martial.b@hotmail.com
f_simpsonsbq_r,simpsons.b@hotmail.com
p_nathaliebh_s,nathalie.b@hotmail.com
y_martialce_q,martial.c@hotmail.com
w_nathaliecm_8,nathalie.c@hotmail.com
z_natashaca_y,natasha.c@hotmail.com
b_patrickdu_3,patrick.d@hotmail.com
z_sandersdb_b,sanders.d@hotmail.com
u_martialdd_j,martial.d@hotmail.com
c_simpsonsdr_c,simpsons.d@hotmail.com
e_natashadr_e,natasha.d@hotmail.com
e_sanderse9_8,sanders.e@hotmail.com
g_martialec_q,martial.e@hotmail.com
x_natashaew_9,natasha.e@hotmail.com
i_nathalieeb_c,nathalie.e@hotmail.com
s_patrickfx_p,patrick.f@hotmail.com
a_sandersfp_z,sanders.f@hotmail.com
e_nathaliefx_p,nathalie.f@hotmail.com
r_natashafr_0,natasha.f@hotmail.com
h_patrickgd_q,patrick.g@hotmail.com
j_sandersgz_5,sanders.g@hotmail.com
f_martialgg_n,martial.g@hotmail.com
g_nathalieg8_5,nathalie.g@hotmail.com
h_natashagh_9,natasha.g@hotmail.com
o_patrickhk_i,patrick.h@hotmail.com
u_sandershd_i,sanders.h@hotmail.com
d_nathaliehp_b,nathalie.h@hotmail.com
w_natashahw_e,natasha.h@hotmail.com
a_patrickiz_i,patrick.i@hotmail.com
b_sandersil_w,sanders.i@hotmail.com
i_patrickjp_j,patrick.j@hotmail.com
k_sandersjf_p,sanders.j@hotmail.com
b_martialjj_6,martial.j@hotmail.com
d_nathaliejf_4,nathalie.j@hotmail.com
n_natashajy_t,natasha.j@hotmail.com
e_patrickkp_u,patrick.k@hotmail.com
i_martialkv_8,martial.k@hotmail.com
x_nathaliekt_d,nathalie.k@hotmail.com
b_natashakq_l,natasha.k@hotmail.com
n_patricklq_l,patrick.l@hotmail.com
d_sandersld_t,sanders.l@hotmail.com
j_martiall6_r,martial.l@hotmail.com
v_simpsonslf_i,simpsons.l@hotmail.com
v_nathaliela_h,nathalie.l@hotmail.com
a_natashalm_e,natasha.l@hotmail.com
x_patrickm1_h,patrick.m@hotmail.com
t_sandersmb_c,sanders.m@hotmail.com
j_martialmi_8,martial.m@hotmail.com
x_simpsonsm3_w,simpsons.m@hotmail.com
u_nathaliemk_o,nathalie.m@hotmail.com
l_natasham0_y,natasha.m@hotmail.com
y_patrickn9_4,patrick.n@hotmail.com
e_sandersnf_4,sanders.n@hotmail.com
p_martialnu_t,martial.n@hotmail.com
t_nathalienw_s,nathalie.n@hotmail.com
v_natashanb_x,natasha.n@hotmail.com
a_patricko2_l,patrick.o@hotmail.com
k_sanderso6_i,sanders.o@hotmail.com
q_nathalieom_8,nathalie.o@hotmail.com
n_natashaoo_k,natasha.o@hotmail.com
p_patrickp0_z,patrick.p@hotmail.com
c_sandersp7_x,sanders.p@hotmail.com
u_martialpk_p,martial.p@hotmail.com
d_nathaliepe_o,nathalie.p@hotmail.com
e_patrickq3_f,patrick.q@hotmail.com
u_patrickra_6,patrick.r@hotmail.com
u_sandersrq_z,sanders.r@hotmail.com
z_martialrv_z,martial.r@hotmail.com
h_nathalierv_y,nathalie.r@hotmail.com
m_natasharb_6,natasha.r@hotmail.com
h_patricksj_s,patrick.s@hotmail.com
z_sanderssf_u,sanders.s@hotmail.com
e_martialsq_x,martial.s@hotmail.com
p_simpsonss2_r,simpsons.s@hotmail.com
p_natashasn_i,natasha.s@hotmail.com
a_patricktq_m,patrick.t@hotmail.com
k_sanderst6_o,sanders.t@hotmail.com
r_martialts_i,martial.t@hotmail.com
a_nathaliett_q,nathalie.t@hotmail.com
k_natashat6_g,natasha.t@hotmail.com
b_patrickuv_o,patrick.u@hotmail.com
j_sandersuz_b,sanders.u@hotmail.com
q_nathalieuc_v,nathalie.u@hotmail.com
a_patrickv5_c,patrick.v@hotmail.com
p_natashaua_6,natasha.u@hotmail.com
z_martialvr_g,martial.v@hotmail.com
x_nathalievl_u,nathalie.v@hotmail.com
r_natashav9_c,natasha.v@hotmail.com
e_patrickwo_a,patrick.w@hotmail.com
e_sandersw3_r,sanders.w@hotmail.com
v_martialwb_4,martial.w@hotmail.com
b_nathaliewe_5,nathalie.w@hotmail.com
c_natashaw0_d,natasha.w@hotmail.com
c_patrickzz_h,patrick.z@hotmail.com
s_sanderszc_6,sanders.z@hotmail.com
v_nathaliezs_5,nathalie.z@hotmail.com
j_natashazf_n,natasha.z@hotmail.com
o_patrickxg_5,patrick.x@hotmail.com
h_nathaliexv_y,nathalie.x@hotmail.com
v_natashaxa_t,natasha.x@hotmail.com
i_nathaliey1_6,nathalie.y@hotmail.com
y_natashayo_u,natasha.y@hotmail.com
k_patrick0o_1,patrick.0@hotmail.com
b_nathalie0s_f,nathalie.0@hotmail.com
l_natasha07_v,natasha.0@hotmail.com
t_patrick1d_2,patrick.1@hotmail.com
w_sanders17_c,sanders.1@hotmail.com
h_martial1c_f,martial.1@hotmail.com
u_simpsons1x_y,simpsons.1@hotmail.com
j_nathalie13_3,nathalie.1@hotmail.com
h_natasha1n_e,natasha.1@hotmail.com
z_patrick2m_p,patrick.2@hotmail.com
t_sanders2l_x,sanders.2@hotmail.com
r_nathalie2b_p,nathalie.2@hotmail.com
i_natasha2y_q,natasha.2@hotmail.com
n_patrick30_2,patrick.3@hotmail.com
n_sanders32_b,sanders.3@hotmail.com
z_natasha3l_3,natasha.3@hotmail.com
j_nathalie3t_5,nathalie.3@hotmail.com
y_patrick4n_y,patrick.4@hotmail.com
a_nathalie4c_n,nathalie.4@hotmail.com
b_natasha42_z,natasha.4@hotmail.com
m_patrick5j_j,patrick.5@hotmail.com
i_nathalie5t_d,nathalie.5@hotmail.com
v_natasha5m_4,natasha.5@hotmail.com
b_patrick60_5,patrick.6@hotmail.com
w_sanders6b_6,sanders.6@hotmail.com
i_nathalie63_e,nathalie.6@hotmail.com
u_martial7t_z,martial.7@hotmail.com
x_nathalie7c_z,nathalie.7@hotmail.com
j_natasha7y_i,natasha.7@hotmail.com
h_patrick8z_z,patrick.8@hotmail.com
v_martial8k_o,martial.8@hotmail.com
g_nathalie8a_8,nathalie.8@hotmail.com
z_natasha80_f,natasha.8@hotmail.com
o_patrick98_i,patrick.9@hotmail.com
l_nathalie9g_l,nathalie.9@hotmail.com
p_natasha9w_6,natasha.9@hotmail.com
u_rileybc_w,riley.b@hotmail.com
v_miguelx8_s,miguel.x@hotmail.com
x_sierrax1_n,sierra.x@hotmail.com
y_alyssa7r_x,alyssa.7@hotmail.com
g_amanda5x_9,amanda.5@hotmail.com
u_carteruq_h,carter.u@hotmail.com
u_devonlb_m,devon.l@hotmail.com
l_leahvz_z,leah.v@hotmail.com
h_brycetb_o,bryce.t@hotmail.com
p_leonardo6w_2,leonardo.6@hotmail.com
z_sanders85_c,sanders.8@hotmail.com
p_destinyqs_j,destiny.q@hotmail.com
v_melaniezr_w,melanie.z@hotmail.com
b_peterfq_8,peter.f@hotmail.com
u_valeriel3_6,valerie.l@hotmail.com
y_lydia4r_p,lydia.4@hotmail.com
n_giselleto_a,giselle.t@hotmail.com
w_josiahny_5,josiah.n@hotmail.com
t_liamey_w,liam.e@hotmail.com
l_mary90_7,mary.9@hotmail.com
p_elijah43_x,elijah.4@hotmail.com
q_jackz3_w,jack.z@hotmail.com
g_jaydenr7_f,jayden.r@hotmail.com
f_melissacl_4,melissa.c@hotmail.com
v_garrettd5_i,garrett.d@hotmail.com
k_carsonc5_c,carson.c@hotmail.com
v_sarahy_c,sara.h@hotmail.com
x_gianna67_2,gianna.6@hotmail.com
t_landonwx_y,landon.w@hotmail.com
n_vincentb3_z,vincent.b@hotmail.com
k_jackmx_e,jack.m@hotmail.com
z_morganen_x,morgan.e@hotmail.com
z_jessicamn_q,jessica.m@hotmail.com
g_rubyzm_s,ruby.z@hotmail.com
o_laura52_1,laura.5@hotmail.com
e_jasmine6p_u,jasmine.6@hotmail.com
p_tristan8j_x,tristan.8@hotmail.com
x_sethoc_k,seth.o@hotmail.com
g_makenziew7_d,makenzie.w@hotmail.com
i_katielw_y,katie.l@hotmail.com
a_brianiv_f,brian.i@hotmail.com
n_george15_j,george.1@hotmail.com
l_andresy6_k,andres.y@hotmail.com
f_brodyt2_m,brody.t@hotmail.com
c_riley8v_p,riley.8@hotmail.com
s_peyton4a_o,peyton.4@hotmail.com
r_breannae8_g,breanna.e@hotmail.com
j_zacharywz_q,zachary.w@hotmail.com
a_melanieau_l,melanie.a@hotmail.com
w_mayadg_l,maya.d@hotmail.com
n_shelbyzh_5,shelby.z@hotmail.com
a_alexander0s_n,alexander.0@hotmail.com
z_crystal73_o,crystal.7@hotmail.com
f_jaylas2_h,jayla.s@gmail.com
d_jacquelineak_y,jacqueline.a@hotmail.com
u_jessewc_e,jesse.w@gmail.com
i_jadeot_l,jade.o@gmail.com
j_jasonb2_z,jason.b@gmail.com
d_lindseye2_a,lindsey.e@gmail.com
i_laurenxn_j,lauren.x@gmail.com
b_lillylp_9,lilly.l@gmail.com
h_christiany9_0,christian.y@gmail.com
j_ethanhk_k,ethan.h@gmail.com
g_ianngr_k,iann.g@gmail.com
z_madelyngs_0,madelyn.g@gmail.com
d_wyattfw_a,wyatt.f@gmail.com
a_kayla9t_s,kayla.9@gmail.com
m_hector40_p,hector.4@gmail.com
g_angel5g_g,angel.5@gmail.com
q_tayloroz_x,taylor.o@gmail.com
p_serenityp8_s,serenity.p@gmail.com
t_oscarsl_g,oscar.s@gmail.com
a_luiszi_1,luis.z@gmail.com
s_gregory0d_j,gregory.0@gmail.com
d_isabel3r_g,isabel.3@gmail.com
n_jadakn_b,jada.k@gmail.com
r_isaactf_3,isaac.t@gmail.com
g_edwinew_i,edwin.e@gmail.com
a_biancazj_m,bianca.z@gmail.com
a_lauren18_h,lauren.1@gmail.com
f_jackson0p_z,jackson.0@gmail.com
o_omarcf_p,omar.c@gmail.com
q_daltons8_6,dalton.s@gmail.com
p_carlos5v_w,carlos.5@gmail.com
k_levi8j_9,levi.8@gmail.com
k_chasex5_d,chase.x@gmail.com
y_ivanau_t,ivan.a@gmail.com
m_danielaov_d,daniela.o@gmail.com
m_jessicaw6_k,jessica.w@gmail.com
y_dianav1_a,diana.v@gmail.com
x_jakez9_d,jake.z@gmail.com
s_joelo9_u,joel.o@gmail.com
q_margaretdl_5,margaret.d@gmail.com
s_morganr0_1,morgan.r@gmail.com
k_elijahs4_r,elijah.s@gmail.com
j_paulga_x,paul.g@gmail.com
v_ashlyned_0,ashlyn.e@gmail.com
s_evelynnab_0,evelynn.a@gmail.com
v_addison42_z,addison.4@gmail.com
u_codyoo_b,cody.o@gmail.com
a_victor32_w,victor.3@gmail.com
e_jeremyph_0,jeremy.p@gmail.com
q_caitlyno1_x,caitlyn.o@gmail.com
s_jesusrh_3,jesus.r@gmail.com
w_andread8_d,andrea.d@gmail.com
k_haileylq_l,hailey.l@gmail.com
p_jazminz9_o,jazmin.z@gmail.com
j_katelyn2e_9,katelyn.2@gmail.com
v_katieib_j,katie.i@gmail.com
t_nicolesy_k,nicole.s@gmail.com
k_steven35_x,steven.3@gmail.com
e_devonpj_a,devon.p@gmail.com
f_mariahfr_8,mariah.f@gmail.com
o_leonardo3n_r,leonardo.3@gmail.com
q_justinyq_2,justin.y@gmail.com
u_rileyau_r,riley.a@gmail.com
a_chelsean0_f,chelsea.n@gmail.com
p_parker31_g,parker.3@gmail.com
u_wyatt9r_6,wyatt.9@gmail.com
b_vanessafm_1,vanessa.f@gmail.com
x_davidhn_t,david.h@gmail.com
m_austinh1_2,austin.h@gmail.com
