c_rwabramitis32,rwabramitis@hotmail.com
c_apothisuk32,apothisuk@hotmail.com
c_mariorsch32,marionwebersch@gmail.com
c_monicatobon32,monicatobon@gmail.com
c_maurieologo32,mauricio.geologo@gmail.com
c_szapatah32,szapatah@gmail.com
c_yeyo9932,yeyo99@gmail.com
c_catasuarezg32,catasuarezg@gmail.com
c_mchiquin32,mchiquin@gmail.com
c_carloo4532,carloo45@gmail.com
c_jduquetr32,jduquetr@gmail.com
c_douwework32,douwework@gmail.com
c_agusdonam32,agustincardonam@gmail.com
c_sarodgz32,sarodgz@gmail.com
c_renieldriguez32,renielrodriguez@gmail.com
c_enopaspr32,enopaspr@gmail.com
c_diegovagomez32,diego.villagomez@gmail.com
c_estiukar32,esti.ukar@gmail.com
c_vicvalencia132,vicvalencia1@gmail.com
c_davidmendi32,davidmendi@gmail.com
c_ruthmanj32,ruthmanj@gmail.com
c_danygarci32,danygarci@hotmail.com
c_gionovar32,gionovar@hotmail.com
c_linaserranod32,linaserranod@hotmail.com
c_kiforia32,kiforia@hotmail.com
c_saturcilla32,saturcilla@hotmail.com
c_belenmartinib32,belenmartinib@hotmail.com
c_azza999099932,azza9990999@hotmail.com
c_b2_april32,b2_april@hotmail.com
c_bigbuddak32,bigbuddak@hotmail.com
c_billwatson6632,billwatson66@hotmail.com
c_bionicone32,bionicone@hotmail.com
c_bituddy32,bite_me_buddy@hotmail.com
c_bjckson8232,bjckson82@hotmail.com
c_blas_jr32,blas_jr@hotmail.com
c_boulette_bill32,boulette_bill@hotmail.com
c_brady119432,brady1194@hotmail.com
c_brianianrose32,brian.brianrose@hotmail.com
c_bryan_l9832,bryan_l98@hotmail.com
c_campbmickel32,campbell_mickel@hotmail.com
c_chains30132,chains301@hotmail.com
c_chaneelin32,chaneelin@hotmail.com
c_chrisiadous32,chrismiltiadous@hotmail.com
c_chrisn_s123432,christian_s1234@hotmail.com
c_cironaku32,cironaku@hotmail.com
c_clutch_332,clutch_3@hotmail.com
c_simo88032,simo880@live.com
c_cocoheff32,cocoheff@hotmail.com
c_cool_joey6932,cool_joey69@hotmail.com
c_corbin41332,corbin413@hotmail.com
c_d0ndieg032,d0ndieg0@hotmail.com
c_da_gansta_oli32,da_gangsta_oli@hotmail.com
c_dannyb9532,danny.b95@hotmail.com
c_darreidgley32,darren_midgley@hotmail.com
c_david_social32,david-social@hotmail.com
c_davor4e32,davor4e@hotmail.com
c_denyee32,denyee@hotmail.com
c_denysstolte32,denysstolte@hotmail.com
c_dereetress32,derekburress@hotmail.com
c_deroletta32,derumy_violetta@hotmail.com
c_deweydoo32,deweydoo@hotmail.com
c_djrimali32,djrimali@hotmail.com
c_dkw993032,dkw9930@hotmail.com
c_dp_emcee32,dp_emcee@hotmail.com
c_efendisiz132,efendisiz1@hotmail.com
c_elektrkpost132,elektroniskpost1@hotmail.com
c_eurynome_99932,eurynome_999@hotmail.com
c_frankri555532,frankrizzo55555@hotmail.com
c_galindowork32,galindo.work@hotmail.com
c_gdragon881532,gdragon8815@hotmail.com
c_ghostly_me32,ghostly-me@hotmail.com
c_grantbenson32,grant.benson@hotmail.com
c_gream_200232,gream_2002@hotmail.com
c_hassaholy32,hassan_elkholy@hotmail.com
c_hktrooper32,hktrooper@hotmail.com
c_inightoflife32,intothelightoflife@hotmail.com
c_isj00132,isj001@hotmail.com
c_ivancelica32,ivancelica@hotmail.com
c_ja11086532,ja110865@hotmail.com
c_jabertamer32,jabertamer@hotmail.com
c_andretro201132,andresintro2011@hotmail.com
c_axelson32,axelson@gmail.com
c_bdesai232,bdesai2@gmail.com
c_bdoverlaugh32,bdoverlaugh@gmail.com
c_bepicha32,bepicha@gmail.com
c_brendataylor32,brendataylor@gmail.com
c_brentmparker32,brentmparker@gmail.com
c_cd00332,cd003@gmail.com
c_chrispanotes32,chris.panotes@gmail.com
c_clarencereed32,clarence.reed@gmail.com
c_cpriyanki32,cpriyanki@gmail.com
c_cswingfield32,cswingfield@gmail.com
c_cynicalone32,cynical.one@gmail.com
c_damagic32,da.magic@gmail.com
c_danielmlund32,daniel.marklund@gmail.com
c_danswartz32,danswartz@gmail.com
c_davidjhsr32,davidjhsr@gmail.com
c_dioncint32,dion.cint@gmail.com
c_luis_gostavo32,luis_gostavo@live.com
c_dlmoney33332,dlmoney333@gmail.com
c_dpindra7732,dp.indra77@gmail.com
c_dskforfriendz32,dskforfriendz@gmail.com
c_dsmithsn132,dsmithsn1@gmail.com
c_egray932,egray9@gmail.com
c_elmo30432,elmo304@gmail.com
c_fish14trout32,fish14trout@gmail.com
c_fredenmicke32,freden.micke@gmail.com
c_fulaavispa32,fu.la.avispa@gmail.com
c_gjdmoore32,g.j.d.moore@gmail.com
c_giftdeath32,giftdeath@gmail.com
c_glaagar32,glaagar@gmail.com
c_glennjoseph832,glennjoseph8@gmail.com
c_got2btru32,got2btru@gmail.com
c_grabgain2day32,grab.a.bargain2day@gmail.com
c_gvgjoseph32,gvgjoseph@gmail.com
c_hitlerruless32,hitler.ruless@gmail.com
c_hypnobiz32,hypnobiz@gmail.com
c_iwuz1x132,iwuz1x1@gmail.com
c_fapilot2132,fapilot21@gmail.com
c_kingscount32,kingofdiscount@gmail.com
c_funn4ga32,funn4ga@gmail.com

---

EzawaShuichi,gentsuki_de_flying@yahoo.co.jp
ItaruEndo,endoit@med.yokohama_cu.ac.jp
SafwatMohamHoseny,safwatdrd@yahoo.com
NdubuisiEke,ndubuisi_eke@hotmail.com
RamadhanaEffendi,ramadhanae@yahoo.co.id
EddyErbandi,ebeltsa@yahoo.com
MueiadhElHassany,mueiad@gmail.com
GervasioMEchegoy,gervasio@3net.com.ar
TarekElMadhoun,tarekm38@gmail.com
SabriElBanna,Saelbanna@gmail.com
Chuan78WeeFong,fongcw@yahoo.com.sg
HamishMcartster,hfossurg@bravo.net.au
ToshioFuj7iwara,f_toshio@dokkyomed.ac.jp
Edgar78Frei,edgar.frei@bleewin.ch
Bessam78_Farjo,bessam@farjo.com
Charles78_abian,charlfab@yahoo.com.ph
IsaiasoFretate,ricardof@rieder.net.py
ShakeelAhmFaiz,shakeel@ksu.edu.sa
KenichiFuruya,furuyac@nifty.com
George78_Fayad,fayadent@hotmail.com
MerleGFloreno,mgf_md@yahoo.com
KenhiroFukuda,fukuda@koto.kpu_m.ac.jp
Sandra4Ferreira,sanruka@hotmail.com
Jack78_Fidler,jackfidler@gmail.com
Jose78_Fragata,josefragata@iol.pt
Chang78_LimFoo,foochanglim@yahoo.com
JezabelAlamiores,eza2409@gmail.com
DanielToGragoso,danieltorres@mexico.com
AdetoOFawamwo,legiree@yahoo.com
IdowuOluseFadebi,idowufad@37.com
PatrkAdyoFalola,bajofalola@hotmail.com
MarJosephFloreo,marflorentino@yahoo.com
CarlosFerraRusso,carfer90@hotmail.com
LanaRocierreira,roferreira78@hotmail.com
CarAntanoFariios,cesarfarina@yahoo.com
MiguelFerreira,miguel.ferbo@hotmail.com
RosaMaaFeraAcsta,draferreiraacosta@hotmail.com
Satoshi78_Fukuda,safukuda@med.hokudal.ac.jp
Dr78_ZanrFu,fu_zan@qq.com
Giulia78_Falasco,giulianofalasco@hotmail.com
Julian90_Famil,julianfam@yahoo.com
Tdf90_Fadil,farizalfadil@yahoo.com.sg
ErjanFikri34,erjan.fikri@yahoo.com
JurnHannFriedrich,j.friedhrich@t_onliine.de
ProfDiegoFoschi,diego.foschi@unimi.it
VictorTaiWengFan,victorfan@orofacialsurgery.com.sg
Dazhao90_Fang,545284192@qq.com
YuYo90_LinFu,fuyulin123456@163.com
YeJan90_Fan,docfanye@gmail.com
ZhengD43ongFang,fangzhengdong@176.com
Xie90_loFang,xiefang1983@gmail.com
Shao90_Feng543,taysmile@yahoo.com
WeiMin90_Fang,fwm3660063@163.com
Ying90_FanYang,surgeonfanying@yahoo.com.cn
JamesMclerguson,DOCFERG@ALIBERNI.NET
TomoakiFujioka,tomof@iwate_med.ac.jp
Haim90_Frizis,ch_frizis@hotmail.com
GennaroFabiano,gfaniano@chirges.uniba.it
DattaVGaitonde,drgaitonde@yahoo.com
LanfrancoMGazzola,dr_gazzola@bluewin.ch
JH90_Ghodke,drjhghodke@mtnl.net.in
RN90_rGhosh,rathindranath@yahoo.com
KantiKGiri43,kanti@healthnet.org.np
MakramTadroGhali,drmakramt@yahoo.com
AndreasGlattli,glaettli@bauchchirurgie.ch
KM90_Gandhi,drsgandhi@rediffmail.com
AmarjitSGrover,asgrover_2000@yahoo.co.uk
SantiagoGonzMoreno,sgonzalez@mdanderson.es
HarnarainGupta,sgnursing@yahoo.com.in
Revaz90_Gagua,rezo_ncc@hotmail.com
Guram84Gvasalia,molhospital@gmail.com
San90_SanGan4,ganss@starhub.net.sg
AmitabhGoel43,goelamitabh@hotmail.com
DelmerMGensolin3,dmgensolin@yahoo.com.ph
RajeshGujarati,gujarati@sancharnet.in
SantiagGarciaDeo,santigar@rieder.net.py
KanwarSinghGoel,dr.kanwarsinghgoel@rediffmail.com
Mohan90_Gupta,drmohangupta@gmail.com
SharadGGogate,sharad.gogate@gmail.com
JeromeJosephGrace3,jeromegrogedamd@yahoo.com
FerdinandGomezMD,dinandhoneegomez@sky_net.ne
Geeta90_Gurung,gurunggeeta@hotmail.com
Dinesh90_Garg,dinesh_retina@sify.com
Premraj90_Gyawali,prem_gyawali@hotmail.com
DavidM90_Gawler,dgawler@westnet.com.au
SteffenSwenGeus,steffengeuss@gmx.de
VirgiaSGonzzGes,vsg.gomes@clix.pt
MitraNdGairola,mitragairola@gmail.como
VijaySinghGhora,ghorawatv@gmail.com
Sourab90_hGoel,saurabhdr08@gmail.com
Pravin90_JGupta,drpjg@yahoo.co.in
ArvindKumarGupta,dr.arvindgupta1957@yahoo.co.in
LuisAlcisGarciaBarri,agarecia@cinternacwnal.com.pe
GiaG90_okieli,giatomadze@gmail.com
MamukaGoletiani,giatomadze@global_erty.net
AlexanderGvazava,t_gvazaba@yahoo.com
AbrahamGonzales,abedlg@yahoo.com
FernandoGomesRosa,fernandogrosa@netcabo.pt
VishalVishwanathG,VimmiVishal@yahoo.co.uk
SGunase90_karan,laparoscopy@dataone.in
FernaoIvanGuereo,doctorivan@hotmail.com
JoseEmnuelFGzales,yaygee@pacific.net.ph
CarmcitaOGotauco,doctorcogotauco@hotmail.com
ButchtoGarciaIII,butchgarciaiii@yahoo.com
ChukLretoGarciaIV,chuckloreto@yahoo.com
JocelynGonzales,resty_joy@yahoo.com
RamonGonzalez,ragnjog@yahoo.com
KiyotoshiGotoh,kgotoh@muc.biglobe.ne.jp
AbidoyeGbadegesin,gbade2000@yahoo.com
SulnAyindedegesin,drgbadegesin@yahoo.com
SulenOlayiwaGiwa,laigiwa@yahoo.com
JoreAlfredrciaTay,dr_jorgegarciatay@yahoo.com
GwendolynGavieta,gggavieta_65@yahoo.com
RizaldoRoseteGons,rizgonzalesmd58@yahoo.com.ph
MoisesGranada,mgranada@online.net.ph
DimpleDarllGealin,darllgar@yahoo.com
DiisioGrncePerez,dgrance@clip.com.py
SangoAdolfoGarano,sagarcia70@hotmail.com
AlejaroAGinezVrejo,alegime@gmail.com
Eduardo90_Gonzalez,laacho@hotmail.com
caachoandjd,caacho@hotmail.com
LoudesJGzalezZarza,louginzar@hotmail.com
ShigoPabGotoYamao,pgoto@hotmail.com
BlasF90_Gonzalez,blasgz@hotmail.com
LusRicardoGonzSan,supersayan2007@yahoo.com
WilfredoGabaton,gabaton@yahoo.com
MaIsabelGallardo,malamig95!yahoo.com.ph
FernandoGallardo,dengcgallardo@yahoo.com
LakhanSinghGalav,dr.lsgalav@rediffmail.com
Seema90_Garg,mkl_grg@rediffmail.com
Mukul34Garg,mkl_grg@rediffmail.com
NicolozGvakharia,nvg69@mail.ru
King90_Ghandi,kingghandi@yahoo.com
Naresh90_Garg,dr_nareshg@yahoo.com
JstonGnanaraj,johnstongnanaraj@hotmail.com
J90_Gnanaraj,jgnanaraj@gmail.com
KG90_ovindaraj,trygvn@gmail.com
Muhamma90_dHGhous,haroonghous@hotmail.com
SyedSajidMehdGhias,sajidmehmood95@yahoo.com
NunuGaklidzeShvili,nanissonana@yahoo.com
TarielGamkrelid,taro55@posta.ge
Junve90_Gao,gjy1215@tom.com
Wentao90_Gao2,gao11@hotmail.com
Heng90_faGe,gehengfa6011188@163.com
Dianh90_uaGu,gdh0822@sina.com
Chun90_weiGu,gcw18@tom.com
Yuan90_longGu,wxgdyzx@yahoo.cn
ShantaramDGulve,dr.gulve.s@gmail.com
ManojHoGandhi4,gandhihospitalpune28@gmail.com
PMGonipath2,dgopinath@yahoo.com
fGiuseppeGuriero,guerrieroderm@libero.it
ConcepcionGracia,garciaconcepcion59@yahoo.com
Eddy61_Gurito,aguritno2008@gmail.com
AshrafGhobrial,srekoja@yahoo.com
CristianGraganielo,cristian.neuro@gmail.com
OsmarGarceteGonzal,osmargarcete@hotmail.com
LuisEGianniMo,eliasgianni16@yahoo.com.ar
WalterEberlbertR,waltergr2009@hotmail.com
SoniaFabiolaGuerez,rowitoshi@hotmail.com
EstebanAndresGuae,esteban_guaglianone@hotmail.com
Adnan61_Gul,adnangul@hotmail.com
FrancescoGuarnieri,guarnieri@mclilnk.com.it
JorgeAlfredoGGarcia,dr_jorgegarciatay@yahoo.com
KleanthisGiannoulis,klgiann@gmail.com
SavasGrigorias,grigo@auth.gr
LevanGogiavili,generalsurgery@newhospitals.ge
JieMing61_Gong,jackygjm@hotmail.com
ShuCh61_engGu,sq_gs@zb.com
HHui61_Geng,czgh@sina.com
Shiming61_Gu,freeman3721@126.com
Chanjuan61_Gong,lucifer_98@126.com
Gao61_Fei43,gaof1877@163.com
Chen61_Guo,coocongg@gmail.com
Yu61_YingGan,yuyinggan@126.com
Qin61_HaoGuo,guoqinhao911@163.com
Rui61_Geng,gengrui880420@gmail.com
Zhufeng61_Gao,gaozhufeng870612@163.com
YuHing61_Ge,sygeyuhing@tom.com
Hong3GengGuan,2yh870112@163.com
JianFengGong,gongjf03@yahoo.com.cn
Yunjie88_Gu,vintagelu@126.com
Guo88_YuGao,dggy6@yahoo.com.cn
ZhiXiang88_Guo,gzxsxy@163.com
Runlu88_Geng,4629049@qq.com
Wentao88_Gao,guo11@hotmail.com
Feng88_Guo,guofeng907@sina.com
Wei88_Guan,guanweii@hotmail.com
JavaidAhmedGanai,drjavaiiduri@yahoo.com
Rajat88_Goel,goelrajat27@gmail.com
VikasGupta8,sakiv69@msn.com
JJohn88_Grifson,johngrifsondr@gmail.com
Ali88_Ghellai,aghellai@gmail.com
RosanaGarvida,suegarvida@yahoo.com.ph
Lin88_Gao5,jymygl7218@163.com
Biao88_Gao2,26013380@cell.com
LiangyuanGeng,cmugly@126.com
Chen88_Guo5,jssym@vip.sina.com
RP88_Gupta6,rpgupta777@yahoo.com
YvesJulienGuisan,Yvesguisan@sapphire.gi
ProfMaltiGupta,briyankasharina@id.eth.net.in
AnilKumarGupta,pmrcht@hotmail.com
SailendraNathGomi,goswamisailendra@yahoo.com
NeilSI5Gordon,nsig@cairns_urology.com.au
AshokG3Gondhalear,ashok_gon@yahoo.com
TomoyukiGoya,goya@muj.biglobe.ne.jp
JaiN88_Gurtu,jngurtu@hotmail.com
Bimal88_KGoswami,goswami_bimalkanti@yahoo.com
Carmo88_Gracias,cg127@hotmail.com
AvtandilGiradze,agirdaladze@yahoo.com
RameshKumaGupta,sukhadah@yahoo.com
LuisGGolcherRuiz,luisggolcher@ice.co.cr
KodaganurSGopinath,drgopinath@hotmail.com
OsvadoGonzaleilar,oaguilar@intramed.net.ar
Vinod88_Goyel,suryaeye.india@gmail.com
Milos88_Hajek,milos.hajek@uvn.cz
ParvezDaraHakim,phakim@mtnl.net.in
MosheHashmonai,hasmonai@inter.net.il
TsannLongHwang,hwangtl@adm.cgmh.org.tw
YoshikiHiki,hiki_u.genossin@dream.com
ChristianTHegelma,hegelmaier@t_online.de
WolfgangHerz,herzog7363@aol.com
YikH88_ongHo,yik_hong.ho@bigpond.com
EliasHurtadoHoyo,akaplan@ama_med.com
TetsuyaHirano,thirano@athana.ooc.ne.jp
FrancescaHyaciely,frantza01@yahoo.fr
MichaelNYHoe,mnyhoe@hotmail.com
KoichiHirata,a.narita@sapmed.ac.jp
BrigMuhammausain,sajidhossain@hotmail.com
DominikHeim,dominik.heim@spitalfmi.ch
HiroyukiHirasawa,hhirasawa@faculty.chiba_u.jp
HitoshiHirose,genex@nifty.com
JoaquimHenrique,joahen@mail.eunet.pt
KrishacharHarish,drkhari@yahoo.com
YoshiakiHorie,yoshrie@kg7.so_net.ne.jp
HJHoekstra,h.j.hoesktra@chir.umcg.nl
HoynckPapedrecht,hoynck@cybercomm.nl
SenHiraizumi,sen_hiraizumi@pref.iwate.jp
TakashiHigiguchi,t_gucci30219@herb.ocn.ne.jp
ShuniiHigashide,hi_shun@mx.biwa.ne.jp
MasafumiHioki,hioki@nms.ac.jp
HideyaHarada,hideya_h@kanazawa_med.ac.jp
Rodrigo88_Hao,rick66@compass.com.ph
LuisGabelHeroEchauri,maianoluism@yahoo.com
JingShanHuang,surgery@cgh.org.tw
NanKuangHsieh,nk39101@pchome.com.tm
Sheng88_PoHao,shengpo@adm.cgmh.org.tw
ChaturaHongsapras,info@sukumvithospital.com
Mahmoud88_Habib,mhabib67@yahoo.ca
Ashr3afUlHuq,kazal64@yahoo.com
OwenHeisler,oheisler@shaw.ca
SumatilalTHemani,drhemani@hotmail.com
GurshinderSinghHara,drgshara70@yahoo.com
Dildar3Hussain,docdildar@yahoo.com
Marcel88_Hajek,hayek.m@seznam.cz
LtColPrasanKHota,hota.dr@gmail.com
EbereEnochHarbor,ebereharbor@yahoo.com
MMuinul88_Hafiz,drmmhafiz@yahoo.com
fMehmetAHaberal,rektorluk@baskent_ank.edu.tr
PratapSinghHardia,dr.pshardia@mantrafree.net
HakobyanSargis,seroge777@yahoo.com
MarcoAntonHernandez,marioperez@sanatoriodurango.com
Thomas88_Hausner,thomas.hausner@aon.at
RycelaDHinolan,rycelledhinolan@yahoo.com
HectorHerreraCabrol,rolandpy@gmail.com
PabloRigoHerebiaCabr,prhc13@yahoo.com.ar
SomashekVHiremath,drsomashekharhiremath@yahoo.co.in
BorisHreckovski,boris.hreckovski@vip.hr
CevahirHaberal,rektorluk@baskent_ank.edu.tr
RyotaHiguchi,higuchi@ige.twmu.ac.jp
Maj88_riHari,shreesir@yahoo.com
ManzurulHaque,drmanzur07@yahoo.com
BinarwanHalim,binarwan2002@yahoo.com
KumarHariRajah,kharirajah@yahoo.com.my
Yibi88_ngHua,huayibing@yahoo.sina.com
ShaikhAftabHussain,docaftab@yahoo.com
AlirezaHamidhromi,alirezahamidian@yahoo.com
Christopher88_Ho,chrisckho2002@yahoo.com
Antoine3Halepian,antoinehalepian@gmail.com
Wij88_oyoHadi,drhadispb@yahoo.co.id
GazaliHaeruddin,lajangiroe@yahoo.com
HarmadaHutajulu,harmada.hutajulu@gmail.com
Hardjanto46,drhardjantospb@yahoo.com
HeriantoHutabarat,dem.herianto@gmail.com
IswantoHendrawia,juvent_0168@yahoo.com
BazatuloHia88_,b_brosshia@yahoo.co.id
SabasdinHarahap,ucokyk@yahoo.com
NindyawanWaluyo,enindyawanwa@yahoo.co.id
TommyHalauwei88_,tommy_halauwei@yahoo.co.id
SuprijadiHandoko,suprijadi.handoko@gmail.com
SamsulHuda88_,shd.spb62@yahoo.com
SyariefHidayat,syarief_hid@yahoo.co.id
YanuarHidayatmo,dryanuar@yahoo.co.id
HernowoHernowo,Hernowo_sda@yahoo.com
AdeodatusHandaya,yudahandaya@yahoo.com
PirmaHutauruk,pirmah@yahoo.com
MochamadHeriawan,hmocharif@yahoo.com
AgusHaryanto,agussharyanto@yahoo.com
Hakimansyimansyah,hakimansyah@ymail.com
AchmadHaryanto,aasudarwin@yahoo.co.id
Tiyanto88_Haris,haris.tiyanto@yahoo.com
TonnyHartono,tonny.hartono@yahoo.co.id
SetiawanHendra,hendrasetiawan_spb@yahoo.com
TigorHutabarat,tigorhut@yahoo.com
DrSupriyadiHandoko,suprijadi.handoko@gmail.com
DrYuenHengWai,heng_wai_yuen@cgh.com.sg
KarelHavlicekMD,karel.havlicek@nemocnice_pardubice.cz
ArtHiranyakas,art.hiranyakas@gmail.com
Elham18_Habeeb,drelhamalhabeeb@yahoo.com
Rolf18_Hartung,rolfhartung@hotmail.com
AmerAbdulRAHadi,amer_alani@maktoob.com
YasirOMahmoudHain,yasirosman@gmail.com
Shunich18_Harada,shunneurosurg@iuhw.ac.jp
MohamedElhadiHen,mehusien@hotmail.com
SanH18_laing,drhlaing@gmail.com
Dawei18_Hou,hou_dawei@126.com
Shuai18_Hu,woshuai12jr@163.com
Zhu18_Hong4,NJTCM1998@163.com
HuPing18_Huang,yuyu8366@sina.com
Shan18_BaiHu,syhsb@163.com
Zeng18_JiaoHe,hezengjiaode@163.com
Chen18_Hao,chenhao0550@163.com
Yu18_JianHui,huiyujian88@163.com
ZhaoXin18_Hu,276196051@qq.com
HaiH18_uang,huanghaimhy111@163.com
Jian18_DongHu,me_druid@126.com
Chang4JunHuang,hchjun@qq.com
Yi33_Huang,564739677@qq.com
JianFengHuang,jsczhuangjf@163.com
Huanyu18_Hu,28196B56@qq.com
HeHua18_ng,huanghe1971@126.com
Zhen18_YuHe,hezhenyu1968@163.com
Dongya18_Huang,jssyhdy@yahoo.com.cn
Ping18_Huang,huangpingdoctor@163.com
Xinli4Huang,huangxinli@njmu.edu.cn
HeJie718_Hu,huhejie@hotmail.com
Yuan18_GuoHu,shengyiyuanguo@yahoo.com.cn
Yir18_enHe,heyirensky@126.com
Chuyuan18_Hong,hongchuyuan@sina.com
WenshengHuang,hwsh2001@gmail.com
ZongHai18_Huang,drhuangzh@yahoo.com.cn
Yibing18_Hua,huayibing@yahoo.com.cn
Feng18_Huang,huangf73@126.com
Jin18_YanHan,aqua0121@163.com
RanendraHajong,ranenhajong@gmail.com
Bing18_Han,hanbing.nju@163.com
Jiexx18_Hu,futhnew@99.com
MaoshengHuang,vtman@yahoo.cn
Ping18_Huang,huangpingdoctor@163.com
DongliangHuang,huangdongliang8@sohu.com
XuboHuang,bopau@163.com
XiaohongHuang,hxhzhou@163.com
MrsPilloezHakim,phakim@mtnl.net.in
YasusukeHirasawa,yasuke@hirasawa.org
AhmadAbdulHai,hmrindil@sancharnet.in
ManuelOHuamanG,mhuaman@urp.edu.pe
ProfNadeyHakim,nadey@globalnet.co.uk
JuanRamonHernan,jurahh@yahoo.es
EeroHirvensalo,Eero.hirvensalo@hus.fi
HoiChin18_Hii,hiihc@singnet.com.sg
AlbertoIellin,Yellina@netvision.net.il
RolfGInderbitzi,r.inderbitzi@lungenzentrum.ch
AbelardoRIcasiano,icadoc@yahoo.com.ph
MinoruIrahara,irahara@clin.med.tokushima_u.ac.jp
MichioItabashi,itabashi@surg2.twmu.ac.jp
YoshiteruIwatani,tr_iwa@dj8.so_net.ne.jp
IclalIsiklar,iclali@baskent_ist.edu.tr
MosesOImologomhe,imolo_moses2001@yahoo.com
IkpemeAIkpeme,iqikpeme@yahoo.com
GaneshDangal,gareshma@hotmail.com
